path_a,title_a,path_b,title_b,duplicate
images_png/camera/194121937.png,Camera IP Wifi Ngoài Trời EZVIZ C3TN 3MP 2K Color Night Vision Tích Hợp Ai - Có Màu Ban Đêm - Đàm Thoại 2 Chiều - Hàng Chính Hãng,images_png/camera/194130039.png,Camera IP Wifi Ngoài Trời EZVIZ H3 5MP Độ Phân Giải 3K Siêu Nét Tích Hợp AI Nhận Diện Vẫy Tay Chào - Có Màu Ban Đêm - Đàm Thoại 2 Chiều - Hàng Chính Hãng,True
images_png/phone/273990229.png,Điện Thoại Xiaomi Redmi Note 13 6GB/128GB - Hàng Chính Hãng,images_png/phone/276944892.png,Điện Thoại Samsung Galaxy A06 4GB/64GB - Hàng Chính Hãng,True
images_png/camera/275938579.png,"Camera trong nhà TP-Link Tapo TC60 - Full HD, Đàm thoại 2 chiều, Phát hiện chuyển động - HÀNG CHÍNH HÃNG",images_png/phone/277777809.png,"Điện thoại Samsung Galaxy A26 5G (8/128GB), Mặt lưng kính, AI-Circle to Search, Camera HDR chụp đêm sáng rõ - Hàng chính hãng",False
images_png/phone/276274790.png,Điện Thoại Samsung Galaxy A06 4GB/128GB - Hàng Chính Hãng,images_png/phone/276944892.png,Điện Thoại Samsung Galaxy A06 4GB/64GB - Hàng Chính Hãng,True
images_png/phone/276639232.png,Điện Thoại Samsung Galaxy A16 5G 8GB/128GB - Hàng Chính Hãng,images_png/phone/276944868.png,Điện Thoại Samsung Galaxy A16 4GB/128GB - Hàng Chính Hãng,True
images_png/speaker/241639907.png,Loa Bluetooth Marshall Acton III - Hàng Chính Hãng,images_png/speaker/270214387.png,Loa Bluetooth Marshall Middleton Portable - Hàng Chính Hãng (Cream),True
images_png/tv/277971781.png,Google Tivi TCL 4K 43 Inch 43P755 - Hàng Chính Hãng,images_png/tv/277988926.png,Google Tivi Xiaomi A Pro 2026 QLED 4K 55 Inch L55MB-APSEA - Hàng chính hãng,False
images_png/phone/277704510.png,Điện Thoại Samsung Galaxy A26 5G 8GB/128GB - Hàng Chính Hãng,images_png/phone/277944334.png,Điện Thoại Samsung Galaxy A06 5G 4GB/64GB - Hàng Chính Hãng,True
images_png/tv/277971781.png,Google Tivi TCL 4K 43 Inch 43P755 - Hàng Chính Hãng,images_png/tv/277971948.png,Google Tivi LED TCL 4K 55 inch 55P755 Pro - Hàng Chính Hãng,True
images_png/laptop/278226869.png,"Laptop Dell Inspiron 3530 71043887( Core i5-1334U| 8GB| 512GB SSD| Intel Iris Xe Graphics| 15.6"" FHD| Đen(Black)) - Hàng Chính Hãng - Bảo Hành Chính Hãng Tại Dell Việt Nam",images_png/laptop/278304793.png,"Laptop Dell Inspiron 15 3520 71069202 ( Core i7-1255U| 16GB| 512GB SSD| Intel Iris Xe Graphics| 15.6"" FHD| Đen) - Hàng Chính Hãng - Bảo Hành 12 Tháng tại Dell Việt Nam",True
images_png/laptop/278226626.png,"Laptop Dell Inspiron 15 3520 N3520-i5U085W11SLU( Core i5-1235U| 8GB| 512GB SSD| 15.6"" FHD| Bạc) - Hàng Chính Hãng - Bảo Hành 12 Tháng Tại Dell Việt Nam",images_png/laptop/278227010.png,"Dell Inspiron 3530  71053696( Core i5-1334U| 16GB| 512GB SSD| Intel Iris Xe Graphics| 15.6"" FHD| Bạc (Platinum Silver)) - Hàng Chính Hãng- Bảo Hành 12 Tháng Tại Dell Việt Nam",True
images_png/laptop/275382480.png,LAPTOP HP PROBOOK 440 G10 (873B1PA) (I5 1340P/8GB RAM/512GB SSD/14 FHD CẢM ỨNG/WIN11/BẠC) - Hàng Chính Hãng - Bảo Hành 12 Tháng,images_png/phone/197214029.png,Apple iPhone 14,False
images_png/phone/274405521.png,Điện Thoại Samsung Galaxy A05 4GB/64GB - Hàng Chính Hãng,images_png/phone/277360579.png,Điện Thoại Xiaomi Redmi 13 8GB/128GB - Hàng Chính Hãng,True
images_png/speaker/57523356.png,Loa Bluetooth mini TWS 5.0  wireless không dây - [Hàng Chính Hãng,images_png/speaker/76062253.png,Loa Nghe Nhạc Bluetooth Không Dây Mini LittleFUN - Hàng Chính Hãng,True
images_png/laptop/277361314.png,Laptop HP Gaming Victus 15-fb1023AX 94F20PA (R5 7535HS/ 8GB/ 512GB SSD/ RTX 2050 4GB/ 15.6 inch FHD/ 144Hz/ Win11/ Silver) - Hàng Chính Hãng,images_png/laptop/277912715.png,Laptop Acer Aspire 7 A715-59G-57TU NH.QX6SV.001 (Intel Core i5-12450H | RTX 3050 | 15.6 inch FHD | 16GB | 512GB | Win 11 | Đen) - HÀNG CHÍNH HÃNG,False
images_png/laptop/206840788.png,Laptop Lenovo ThinkPad E15 Gen 4 21E600CMVA (Đen) - Tặng  chuột Zadez M-331 - Hàng chính hãng,images_png/tv/275268806.png,Smart Tivi LG 4K 50 inch 50UT8050PSB Mới 2024 - Hàng chính hãng - Giao HCM và 1 số tỉnh thành,False
images_png/laptop/277363548.png,Laptop HP ProBook 440 G10 9H8U4PT (i5 1335U/ 8GB/ 512GB SSD/14 inch FHD/Win11/ Silver/ Vỏ nhôm) - HÀNG CHÍNH HÃNG,images_png/laptop/277912853.png,Laptop Lenovo V15 Gen 4 ( 83A100RGVN ) | Grey | Intel Core i7-13620H | Ram 8GB | 512GB SSD | Intel UHD Graphics | 15.6 Inch FHD | No Os | 2Yrs - HÀNG CHÍNH HÃNG,True
images_png/phone/277704510.png,Điện Thoại Samsung Galaxy A26 5G 8GB/128GB - Hàng Chính Hãng,images_png/phone/277737629.png,Điện Thoại Xiaomi Redmi 13 6GB/128GB - Hàng Chính Hãng,True
images_png/tv/275244561.png,Smart Tivi OLED LG 4K 77 inch OLED77C4PSA Mới 2024 - Hàng chính hãng - Giao HCM và 1 số tỉnh thành,images_png/tv/276621654.png,Smart Tivi OLED LG 4K 65 Inch 65M4PSA - Hàng chính hãng,True
images_png/phone/277512611.png,Điện Thoại Samsung Galaxy A56 5G 8GB/128GB - Hàng Chính Hãng,images_png/phone/277512620.png,Điện Thoại Samsung Galaxy A36 5G 8GB/128GB - Hàng Chính Hãng,True
images_png/laptop/278226504.png,"Laptop Dell Inspiron 15 3530 N3530-i3U085W11SLU (Core i3-1305U| 8GB| 512GB SSD| 15.6"" FHD| Bạc) - Hàng Chính Hãng - Bảo Hành 12 Tháng Tại Dell Việt Nam",images_png/laptop/278304793.png,"Laptop Dell Inspiron 15 3520 71069202 ( Core i7-1255U| 16GB| 512GB SSD| Intel Iris Xe Graphics| 15.6"" FHD| Đen) - Hàng Chính Hãng - Bảo Hành 12 Tháng tại Dell Việt Nam",True
images_png/laptop/277466579.png,[Laptop I5-13420H] Laptop Asus Expertbook P1403CVA (Intel Core i5-13420H | 14 inch FHD IPS | RAM 16GB | SSD 512GB | Win bản quyền),images_png/laptop/278588312.png,Laptop Asus Expertbook P1403CVA (Intel Core i3-1335U | 14 inch FHD IPS | RAM 8GB | SSD 256GB | Win bản quyền) - Hàng Chính Hãng,True
images_png/laptop/278078315.png,Asus Vivobook 15 X1504VA-NJ1969W (Intel Core i5-1334U | 16GB | 512GB | Intel Iris Xe | 15.6 inch FHD IPS | Win 11 | Bạc) - HÀNG CHÍNH HÃNG,images_png/tv/275135940.png,Ti vi smart COOCAA 43S3U-HÀNG CHÍNH HÃNG,False
images_png/phone/276274790.png,Điện Thoại Samsung Galaxy A06 4GB/128GB - Hàng Chính Hãng,images_png/phone/277737595.png,Điện Thoại Samsung Galaxy A06 5G 4GB/128GB - Hàng Chính Hãng,True
images_png/laptop/276366221.png,Laptop LG Gram 2024 14Z90S-G.AH75A5 (Intel Core Ultra 7 155H |16GB | 512GB | Intel Arc | 14 inch WUXGA | Win11 | Đen) - Hàng Chính Hãng - Bảo Hành 12 Tháng,images_png/tv/276387015.png,Smart Tivi OLED LG 4K 55 inch 55G4PSA Mẫu mới - HÀNG CHÍNH HÃNG - CHỈ GIAO HCM,False
images_png/phone/273990229.png,Điện Thoại Xiaomi Redmi Note 13 6GB/128GB - Hàng Chính Hãng,images_png/tv/277988890.png,Google Tivi Xiaomi A Pro 2026 QLED 4K 43 Inch L43MB-APSEA - Hàng chính hãng,False
images_png/laptop/278226626.png,"Laptop Dell Inspiron 15 3520 N3520-i5U085W11SLU( Core i5-1235U| 8GB| 512GB SSD| 15.6"" FHD| Bạc) - Hàng Chính Hãng - Bảo Hành 12 Tháng Tại Dell Việt Nam",images_png/tv/276089188.png,Skyworth Google TV 2K FHD 24P6300 - Hàng chính hãng,False
images_png/phone/276944892.png,Điện Thoại Samsung Galaxy A06 4GB/64GB - Hàng Chính Hãng,images_png/phone/277512611.png,Điện Thoại Samsung Galaxy A56 5G 8GB/128GB - Hàng Chính Hãng,True
images_png/phone/276944868.png,Điện Thoại Samsung Galaxy A16 4GB/128GB - Hàng Chính Hãng,images_png/phone/277311630.png,Điện Thoại Xiaomi Redmi 14C 6GB/128GB - Hàng Chính Hãng,True
images_png/camera/276857147.png,"Thẻ Vietmap Live Pro Chính Hãng 2025, cảnh báo tốc độ, camera phạt nguội dùng trên điện thoại, Android.box, Màn hình Ô Tô - Hàng chính hãng",images_png/laptop/273186974.png,Lenovo ThinkPad T460 Core i5 6200 / ram 8gb / ssd 256gb / Màn hình 14 inch- Hàng Chính Hãng,False
images_png/camera/129078637.png,Combo Camera Wi-fi Trong Nhà EZVIZ C1C-B 2MP Kèm Thẻ Nhớ  32GB/64G - Hàng Chính Hãng,images_png/speaker/73204703.png,"Máy trợ giảng không dây SHIDU kết nối bằng tần số cao cấp, mic trợ giảng cho giáo viên và hướng dẫn viên du lịch, loa trợ giảng cài áo tiện lợi, Hàng nhập khẩu",False
images_png/phone/276062770.png,Điện Thoại Xiaomi Redmi 14C 4GB/128GB - Hàng Chính Hãng,images_png/phone/277512611.png,Điện Thoại Samsung Galaxy A56 5G 8GB/128GB - Hàng Chính Hãng,True
images_png/laptop/278071899.png,Laptop Lenovo ThinkPad E14 Gen 7 21SX002QVA (Intel Core Ultra 5 225U | 16GB | 512GB | 14 inch WUXGA | Intel Graphics | NoOS | Đen) - HÀNG CHÍNH HÃNG,images_png/speaker/275761136.png,Loa Bluetooth JBL Go 4 JBLGO4 - Hàng chính hãng,False
images_png/phone/277777809.png,"Điện thoại Samsung Galaxy A26 5G (8/128GB), Mặt lưng kính, AI-Circle to Search, Camera HDR chụp đêm sáng rõ - Hàng chính hãng",images_png/speaker/278067024.png,Loa bluetooth LG xboom Grab - Hàng chính hãng,False
images_png/camera/194067352.png,Camera Wifi Trong Nhà EZVIZ C6N 2M FHD 1080P Quay 355 độ - Đàm thoại 2 chiều - Hàng Chính Hãng,images_png/camera/274879959.png,Camera IP Wifi Trong Nhà EZVIZ C6N 1080p - Hàng Chính Hãng,True
images_png/camera/222452404.png,1 Kg gói hút ẩm loại 10gr (100 gói) nhãn hiệu MAX DESI hàng chính hãng,images_png/laptop/277451016.png,Asus Vivobook 15 X1504ZA-NJ1039W (Intel Core i7-1255U | 16GB | 512GB | Intel Iris Xe | 15.6 inch FHD | Win 11 | Bạc) - HÀNG CHÍNH HÃNG,False
images_png/tv/275602959.png,K-65XR80 - Google Tivi OLED Sony 4K 65 inch K-65XR80 - Hàng Chính Hãng,images_png/tv/275655645.png,K-65S30 - Google Tivi Sony 4K 65 inch K-65S30 - Hàng Chính Hãng - Chỉ Giao Hồ Chí Minh,True
images_png/tv/274870710.png,Smart QLED Tivi 4K Samsung 55Q60DA 55 inch QA55Q60DA QA55Q60D 55Q60D - Hàng chính hãng - Chỉ giao HCM,images_png/tv/276268195.png,Smart Tivi Samsung 4K 65 Inch UA65DU7700 - HÀNG CHÍNH HÃNG - CHỈ GIAO HCM,True
images_png/camera/272268455.png,"Camera Wifi EZVIZ H3C 2MP Có Màu Ban Đêm, H3C 1080P Mic thu âm - Hàng Chính Hãng",images_png/camera/275255482.png,"Camera wifi trong nhà TP-Link Tapo C220 - Độ phân giải 4K 2MP, Đàm thoại 2 chiều, Quay quét 360 độ - HÀNG CHÍNH HÃNG",False
images_png/laptop/278226504.png,"Laptop Dell Inspiron 15 3530 N3530-i3U085W11SLU (Core i3-1305U| 8GB| 512GB SSD| 15.6"" FHD| Bạc) - Hàng Chính Hãng - Bảo Hành 12 Tháng Tại Dell Việt Nam",images_png/laptop/278226869.png,"Laptop Dell Inspiron 3530 71043887( Core i5-1334U| 8GB| 512GB SSD| Intel Iris Xe Graphics| 15.6"" FHD| Đen(Black)) - Hàng Chính Hãng - Bảo Hành Chính Hãng Tại Dell Việt Nam",True
images_png/phone/276944892.png,Điện Thoại Samsung Galaxy A06 4GB/64GB - Hàng Chính Hãng,images_png/phone/277737595.png,Điện Thoại Samsung Galaxy A06 5G 4GB/128GB - Hàng Chính Hãng,True
images_png/laptop/278226626.png,"Laptop Dell Inspiron 15 3520 N3520-i5U085W11SLU( Core i5-1235U| 8GB| 512GB SSD| 15.6"" FHD| Bạc) - Hàng Chính Hãng - Bảo Hành 12 Tháng Tại Dell Việt Nam",images_png/tv/276921311.png,TIVI LED SKYWORTH HD 32 INCH  32E5000G - HÀNG CHÍNH HÃNG - CHỈ GIAO HCM,False
images_png/laptop/277908157.png,Dell Latitude 5510 Core i5-10310U Ram 16GB SSD 256GB 15.6 inch FHD - Hàng Chính hãng,images_png/laptop/278588312.png,Laptop Asus Expertbook P1403CVA (Intel Core i3-1335U | 14 inch FHD IPS | RAM 8GB | SSD 256GB | Win bản quyền) - Hàng Chính Hãng,False
images_png/speaker/241635069.png,Loa Bluetooth Marshall Woburn III - Hàng chính hãng,images_png/speaker/241639907.png,Loa Bluetooth Marshall Acton III - Hàng Chính Hãng,True
images_png/phone/277646748.png,Điện thoại Samsung Galaxy A06 5G (4GB/64GB) - Hàng chính hãng,images_png/phone/277651890.png,Điện thoại Samsung Galaxy A06 5G (4GB/128GB) - Hàng chính hãng,True
images_png/phone/277360579.png,Điện Thoại Xiaomi Redmi 13 8GB/128GB - Hàng Chính Hãng,images_png/phone/277704510.png,Điện Thoại Samsung Galaxy A26 5G 8GB/128GB - Hàng Chính Hãng,True
images_png/laptop/278078315.png,Asus Vivobook 15 X1504VA-NJ1969W (Intel Core i5-1334U | 16GB | 512GB | Intel Iris Xe | 15.6 inch FHD IPS | Win 11 | Bạc) - HÀNG CHÍNH HÃNG,images_png/tv/274870404.png,Smart Tivi QLED 4K Samsung 43Q60DA 43 inch Smart TV QA43Q60DA QA43Q60D 43Q60D - Hàng chính hãng - Chỉ giao HCM,False
images_png/speaker/277521161.png,Loa Kéo Nanomax SK-12X5 ( Xám ) Bass 30cm 400w Karaoke Bluetooth Tặng Kèm 2 Mic Hát karaoke. Hàng chính hãng,images_png/tv/276921311.png,TIVI LED SKYWORTH HD 32 INCH  32E5000G - HÀNG CHÍNH HÃNG - CHỈ GIAO HCM,False
images_png/laptop/275382480.png,LAPTOP HP PROBOOK 440 G10 (873B1PA) (I5 1340P/8GB RAM/512GB SSD/14 FHD CẢM ỨNG/WIN11/BẠC) - Hàng Chính Hãng - Bảo Hành 12 Tháng,images_png/tv/277972475.png,Smart Tivi Samsung 4K 65 inch UA65DU7000KXXV - Hàng chính hãng,False
images_png/camera/203898270.png,CAMERA WIFI IMOU A22EP 1080P XOAY 360 ĐỘ - ĐÀM THOẠI 2 CHIỀU - HÀNG CHÍNH HÃNG,images_png/phone/277944334.png,Điện Thoại Samsung Galaxy A06 5G 4GB/64GB - Hàng Chính Hãng,False
images_png/camera/274179036.png,"Camera IP WiFi Yoosee R3 Có 3 Mắt Ngoài Trời Xem 3 Màn Hình Cùng Lúc, Độ Phân Giải 8.0Mpx - Hàng Chính Hãng",images_png/phone/276062770.png,Điện Thoại Xiaomi Redmi 14C 4GB/128GB - Hàng Chính Hãng,False
images_png/laptop/206840788.png,Laptop Lenovo ThinkPad E15 Gen 4 21E600CMVA (Đen) - Tặng  chuột Zadez M-331 - Hàng chính hãng,images_png/phone/273990229.png,Điện Thoại Xiaomi Redmi Note 13 6GB/128GB - Hàng Chính Hãng,False
images_png/speaker/241638318.png,Loa Bluetooth Marshall Stanmore III - Hàng chính hãng,images_png/speaker/241639907.png,Loa Bluetooth Marshall Acton III - Hàng Chính Hãng,True
images_png/tv/274870404.png,Smart Tivi QLED 4K Samsung 43Q60DA 43 inch Smart TV QA43Q60DA QA43Q60D 43Q60D - Hàng chính hãng - Chỉ giao HCM,images_png/tv/276606449.png,Smart Tivi Coocaa 65Y73 Pro 4K QLED 65 inch - Hàng chính hãng,True
images_png/phone/277738691.png,Điện Thoại Oppo A58 8GB/128GB - Hàng Chính Hãng,images_png/tv/278077327.png,Google Tivi Xiaomi A 2026 4K 43 inch L43MB-AUSEA - Hàng chính hãng,False
images_png/laptop/277936690.png,"Laptop Dell Inspiron 7472, Core i5-8250U, Ram 8GB, SSD 128GB, 14 inch Full HD, VGA 2G - Hàng Chính Hãng",images_png/tv/204337932.png,Google  ti vi Asanzo 32EX9- hàng chính hãng- ĐIỀU KHIỂN GIỌNG NÓI,False
images_png/laptop/277937199.png,Dell Latitude 5320 Core I5 1135G7 8GB 256GB SSD 13.3 inch FHD - Hàng Chính Hãng,images_png/laptop/277953961.png,"Laptop Dell Latitude 5500 Core i5-8350U, RAM 8GB, SSD 256GB - Hàng chính hãng",False
images_png/laptop/278226626.png,"Laptop Dell Inspiron 15 3520 N3520-i5U085W11SLU( Core i5-1235U| 8GB| 512GB SSD| 15.6"" FHD| Bạc) - Hàng Chính Hãng - Bảo Hành 12 Tháng Tại Dell Việt Nam",images_png/laptop/278304303.png,"Laptop Dell Inspiron 15 3520 71058652 ( i5-1235U| 8GB| 512GB SSD| 15.6"" FHD|  Bạc (Platinum Silver))  - Hàng Chính Hãng - Bảo Hành 12 Tháng tại Dell Việt Nam",True
images_png/tv/275987600.png,Google Tivi Coocaa 4K 65 Inch 65Y73 - Hàng Chính Hãng - Chỉ Giao HCM,images_png/tv/277989480.png,Google Tivi TCL QLED Full HD 32 Inch 32S5K - Hàng chính hãng,False
images_png/laptop/206840788.png,Laptop Lenovo ThinkPad E15 Gen 4 21E600CMVA (Đen) - Tặng  chuột Zadez M-331 - Hàng chính hãng,images_png/phone/277651890.png,Điện thoại Samsung Galaxy A06 5G (4GB/128GB) - Hàng chính hãng,False
images_png/tv/276379164.png,Android Tivi Aqua 43 inch AQT43K800UG - Hàng chính hãng - Bảo hành 1 đổi 1 trong 730 ngày đối với lỗi màn hình,images_png/tv/276412014.png,Google Tivi Aqua QLED 4K 50 inch AQT50S800UX - Freeship toàn quốc - Bảo hành 1 đổi 1 trong 730 ngày đối với lỗi màn hình - Hàng chính hãng,True
images_png/phone/273990229.png,Điện Thoại Xiaomi Redmi Note 13 6GB/128GB - Hàng Chính Hãng,images_png/phone/277737629.png,Điện Thoại Xiaomi Redmi 13 6GB/128GB - Hàng Chính Hãng,True
images_png/laptop/277363548.png,Laptop HP ProBook 440 G10 9H8U4PT (i5 1335U/ 8GB/ 512GB SSD/14 inch FHD/Win11/ Silver/ Vỏ nhôm) - HÀNG CHÍNH HÃNG,images_png/laptop/277672516.png,LAPTOP HP 240 G9 AG2J7AT( i5-1235U/ 16GD4 /512GSSD/ 14.0FHD/ WLax/ BT5/ 3C41WHr/W11SL/BẠC ) - HÀNG CHÍNH HÃNG,True
images_png/laptop/252566338.png,"Laptop Asus Vivobook 15 (X1504VA-NJ069W) / Bạc/ Intel Core i3-1315U Processor (upto 4.5Ghz, 10MB)/ RAM 8GB/ 512GB SSD/ Intel UHD Graphics/ 15.6inch FHD/ Win 11H/ 2Yrs - Hàng Chính Hãng",images_png/tv/277485884.png,24P6300 - Google Tivi Xách Tay Di Động FHD 24 Inch Skyworth - Hàng Chính Hãng,False
images_png/phone/273990229.png,Điện Thoại Xiaomi Redmi Note 13 6GB/128GB - Hàng Chính Hãng,images_png/phone/277944334.png,Điện Thoại Samsung Galaxy A06 5G 4GB/64GB - Hàng Chính Hãng,True
images_png/phone/276639232.png,Điện Thoại Samsung Galaxy A16 5G 8GB/128GB - Hàng Chính Hãng,images_png/phone/276944892.png,Điện Thoại Samsung Galaxy A06 4GB/64GB - Hàng Chính Hãng,True
images_png/laptop/277361271.png,Laptop HP ProBook 450 G9 6M0Y5PA (i3 1215U/ 8GB/ 512GB SSD/15.6 inch/Win11/ Silver) - Hàng Chính Hãng,images_png/laptop/277672516.png,LAPTOP HP 240 G9 AG2J7AT( i5-1235U/ 16GD4 /512GSSD/ 14.0FHD/ WLax/ BT5/ 3C41WHr/W11SL/BẠC ) - HÀNG CHÍNH HÃNG,True
images_png/phone/277175913.png,Điện Thoại Xiaomi Redmi Note 14 6GB/128GB - Hàng Chính Hãng,images_png/phone/277811118.png,Điện Thoại Xiaomi Redmi Note 14 5G 8GB/256GB - Hàng Chính Hãng,True
images_png/camera/194121937.png,Camera IP Wifi Ngoài Trời EZVIZ C3TN 3MP 2K Color Night Vision Tích Hợp Ai - Có Màu Ban Đêm - Đàm Thoại 2 Chiều - Hàng Chính Hãng,images_png/phone/170165701.png,Điện thoại bàn Ktel 645 hàng chính hãng,False
images_png/speaker/241635069.png,Loa Bluetooth Marshall Woburn III - Hàng chính hãng,images_png/tv/2003079.png,Smart Tivi Cong QLED Samsung 4K 55 inch QA55Q8CNA,False
images_png/camera/4688897.png,Chân Máy Ảnh Tripod Weifeng 3520 - Hàng Nhập Khẩu,images_png/phone/201067649.png,Combo máy đọc sách Kindle Paperwhite 5 (11th gen) tặng kèm bao da ( Cover ) - Hàng nhập khẩu,False
images_png/camera/64672917.png,Pin Panasonic CR 1632 -Hàng chính hãng,images_png/laptop/277672516.png,LAPTOP HP 240 G9 AG2J7AT( i5-1235U/ 16GD4 /512GSSD/ 14.0FHD/ WLax/ BT5/ 3C41WHr/W11SL/BẠC ) - HÀNG CHÍNH HÃNG,False
images_png/camera/212934661.png,"Camera IP Wifi trong nhà EZVIZ C6N 4M 2K, xoay 360 độ ezviz C6N Full HD, đàm thoại 2 chiều - Hàng chính hãng",images_png/camera/276857147.png,"Thẻ Vietmap Live Pro Chính Hãng 2025, cảnh báo tốc độ, camera phạt nguội dùng trên điện thoại, Android.box, Màn hình Ô Tô - Hàng chính hãng",False
images_png/laptop/273679076.png,Laptop Dell Latitude 3520 (Core i5-1135G7 | 8GB | 256GB | Intel Iris Xe | 15.6 inch FHD - HÀNG CHÍNH HÃNG,images_png/tv/276860956.png,"Android Tivi LED Hisense 32 inch 32A4N trợ lý ảo Google Voice Control, bảo hành chính hãng 2 năm - Hàng Chính Hãng",False
images_png/laptop/225934432.png,Laptop LG Gram 2022 14ZD90Q-G.AX32A5 (Intel Core i3-1220P/8GB/256GB/VGA Intel UHD Graphics/14 inch WQXGA/Màu Đen/Non- OS)- Hàng chính hãng,images_png/phone/278098703.png,Điện thoại POCO C75 (8GB/256GB) - Hàng Chính Hãng,False
images_png/phone/276062770.png,Điện Thoại Xiaomi Redmi 14C 4GB/128GB - Hàng Chính Hãng,images_png/phone/277311630.png,Điện Thoại Xiaomi Redmi 14C 6GB/128GB - Hàng Chính Hãng,True
images_png/phone/11251770.png,Điện thoại bàn không dây Panasonic KX-TGD310 - Hàng Chính Hãng,images_png/phone/276500230.png,"Máy đọc sách Kindle Colorsoft Signature Edition 32Gb, Màn hình màu 7 inch - Hàng chính hãng",False
images_png/phone/252586291.png,Máy đọc sách All New Kindle Paperwhite 5 (11th Gen) - Hàng chính hãng,images_png/speaker/127600345.png,"Máy trợ giảng không dây TAKSTAR E261W khoảng cách truyền 40M, công suất cao 25W -Tặng túi đựng máy trợ giảng - Hàng Chính Hãng",False
images_png/laptop/273002756.png,Laptop Dell Latitude 3590  Core i5 7200U- Ram 8GB- 128GB SSD Ổ cứng -Màn hình 15-6 inch BH 6 thang - Hàng chính hãng,images_png/laptop/278229740.png,"Laptop HP Envy X360 14-fc0161TU (Core Ultra 5-125U| 16GB RAM| 512GB SSD| Intel Graphics| 14""2.8K| Blue) - Hàng Chính Hãng",False
images_png/phone/276944868.png,Điện Thoại Samsung Galaxy A16 4GB/128GB - Hàng Chính Hãng,images_png/phone/277512611.png,Điện Thoại Samsung Galaxy A56 5G 8GB/128GB - Hàng Chính Hãng,True
images_png/phone/276639232.png,Điện Thoại Samsung Galaxy A16 5G 8GB/128GB - Hàng Chính Hãng,images_png/phone/277512611.png,Điện Thoại Samsung Galaxy A56 5G 8GB/128GB - Hàng Chính Hãng,True
images_png/tv/274843351.png,Smart Tivi Samsung 4K 85 inch UA85DU8000 85DU8000 - Hàng chính hãng - Chỉ giao HCM,images_png/tv/275270303.png,Google Tivi Sony 4K 65 inch K-65S30 Mới 2024 - Hàng chính hãng - Giao HCM và 1 số tỉnh thành,False
images_png/laptop/277274848.png,Dell Latitude 5410 /Core i5-10310U / RAM 8GB / SSD 256GB / 14inch FHD - Hàng Chính Hãng,images_png/phone/278098703.png,Điện thoại POCO C75 (8GB/256GB) - Hàng Chính Hãng,False
images_png/tv/274843351.png,Smart Tivi Samsung 4K 85 inch UA85DU8000 85DU8000 - Hàng chính hãng - Chỉ giao HCM,images_png/tv/274870404.png,Smart Tivi QLED 4K Samsung 43Q60DA 43 inch Smart TV QA43Q60DA QA43Q60D 43Q60D - Hàng chính hãng - Chỉ giao HCM,True
images_png/camera/274184765.png,"Camera Wifi Ezviz 2 Mắt Trong Nhà H7C 2K 8MP, quay 360 độ, có màu ban đêm, đàm thoại 2 chiều - Hàng chính hãng",images_png/camera/277381589.png,Camera WiFi quay quét EZVIZ H6C Pro 3K 5MP - hàng chính hãng,True
images_png/phone/274405521.png,Điện Thoại Samsung Galaxy A05 4GB/64GB - Hàng Chính Hãng,images_png/phone/277704510.png,Điện Thoại Samsung Galaxy A26 5G 8GB/128GB - Hàng Chính Hãng,True
images_png/laptop/277672516.png,LAPTOP HP 240 G9 AG2J7AT( i5-1235U/ 16GD4 /512GSSD/ 14.0FHD/ WLax/ BT5/ 3C41WHr/W11SL/BẠC ) - HÀNG CHÍNH HÃNG,images_png/laptop/278071899.png,Laptop Lenovo ThinkPad E14 Gen 7 21SX002QVA (Intel Core Ultra 5 225U | 16GB | 512GB | 14 inch WUXGA | Intel Graphics | NoOS | Đen) - HÀNG CHÍNH HÃNG,True
images_png/camera/275959921.png,"Chân Đế Camera, Giá Đỡ Camera Dán Tường Trong Suốt - Hàng Chính Hãng",images_png/tv/277991140.png,[NEW 2026 TV Series] Smart Tivi Xiaomi TV A 43 2026 - 43 Inch - UHD 4K - Hàng Chính Hãng,False
images_png/laptop/278226869.png,"Laptop Dell Inspiron 3530 71043887( Core i5-1334U| 8GB| 512GB SSD| Intel Iris Xe Graphics| 15.6"" FHD| Đen(Black)) - Hàng Chính Hãng - Bảo Hành Chính Hãng Tại Dell Việt Nam",images_png/laptop/278229740.png,"Laptop HP Envy X360 14-fc0161TU (Core Ultra 5-125U| 16GB RAM| 512GB SSD| Intel Graphics| 14""2.8K| Blue) - Hàng Chính Hãng",True
images_png/laptop/277451016.png,Asus Vivobook 15 X1504ZA-NJ1039W (Intel Core i7-1255U | 16GB | 512GB | Intel Iris Xe | 15.6 inch FHD | Win 11 | Bạc) - HÀNG CHÍNH HÃNG,images_png/tv/276860956.png,"Android Tivi LED Hisense 32 inch 32A4N trợ lý ảo Google Voice Control, bảo hành chính hãng 2 năm - Hàng Chính Hãng",False
images_png/camera/106641569.png,"Camera Wifi Trong Nhà Yoosee 3.0 Full HD, 3 Râu, Xoay 360 độ , Đàm Thoại 2 Chiều, Cảm Biến Báo Động – Hàng nhập khẩu",images_png/camera/57071523.png,Camera wifi yoosee 3.0  2K siêu nét - camera ip yoosee 3 râu 3mp trong nhà - hàng nhập khẩu,True
images_png/laptop/275288865.png,"Laptop Dell Latitude 5310 | Core i5-10310U Ram 16GB PCIe 256GB 13.3"" FHD - Hàng Chính Hãng",images_png/tv/276387015.png,Smart Tivi OLED LG 4K 55 inch 55G4PSA Mẫu mới - HÀNG CHÍNH HÃNG - CHỈ GIAO HCM,False
images_png/camera/203898270.png,CAMERA WIFI IMOU A22EP 1080P XOAY 360 ĐỘ - ĐÀM THOẠI 2 CHIỀU - HÀNG CHÍNH HÃNG,images_png/tv/274870404.png,Smart Tivi QLED 4K Samsung 43Q60DA 43 inch Smart TV QA43Q60DA QA43Q60D 43Q60D - Hàng chính hãng - Chỉ giao HCM,False
images_png/phone/273990229.png,Điện Thoại Xiaomi Redmi Note 13 6GB/128GB - Hàng Chính Hãng,images_png/phone/276639232.png,Điện Thoại Samsung Galaxy A16 5G 8GB/128GB - Hàng Chính Hãng,True
images_png/speaker/95469367.png,Loa gỗ vi tính E350 Sound Bar HD nhỏ gọn - hàng nhập khẩu,images_png/tv/274870710.png,Smart QLED Tivi 4K Samsung 55Q60DA 55 inch QA55Q60DA QA55Q60D 55Q60D - Hàng chính hãng - Chỉ giao HCM,False
images_png/camera/194067352.png,Camera Wifi Trong Nhà EZVIZ C6N 2M FHD 1080P Quay 355 độ - Đàm thoại 2 chiều - Hàng Chính Hãng,images_png/camera/277381589.png,Camera WiFi quay quét EZVIZ H6C Pro 3K 5MP - hàng chính hãng,True
images_png/phone/277512620.png,Điện Thoại Samsung Galaxy A36 5G 8GB/128GB - Hàng Chính Hãng,images_png/phone/277704510.png,Điện Thoại Samsung Galaxy A26 5G 8GB/128GB - Hàng Chính Hãng,True
images_png/laptop/277912853.png,Laptop Lenovo V15 Gen 4 ( 83A100RGVN ) | Grey | Intel Core i7-13620H | Ram 8GB | 512GB SSD | Intel UHD Graphics | 15.6 Inch FHD | No Os | 2Yrs - HÀNG CHÍNH HÃNG,images_png/phone/278219968.png,Điện thoại OPPO A3 8GB/128GB - Hàng Chính Hãng,False
images_png/tv/275803796.png,Smart Tivi NanoCell LG 4K 50 inch 50NANO81TSA - hàng chính hãng - chỉ giao tại HCM,images_png/tv/72797571.png,Smart Tivi OLED LG 4K 65 inch OLED65GXPTA,False
images_png/phone/277175955.png,Điện Thoại Xiaomi Redmi A3 3GB/64GB - Hàng Chính Hãng,images_png/speaker/21430781.png,Máy trợ giảng SHIDU SD-S358 - Hàng Chính Hãng,False
images_png/phone/277360579.png,Điện Thoại Xiaomi Redmi 13 8GB/128GB - Hàng Chính Hãng,images_png/phone/277944334.png,Điện Thoại Samsung Galaxy A06 5G 4GB/64GB - Hàng Chính Hãng,True
images_png/camera/274184675.png,"Camera Wifi Ezviz 2 Mắt Ngoài Trời H9C 3K 6MP/10MP, quay 360 độ, đàm thoại 2 chiều - Hàng chính hãng",images_png/camera/85764360.png,Camera Wifi TP-Link Tapo C310 3MP An Ninh Ngoài Trời - Hàng Chính Hãng,False
images_png/speaker/276075423.png,[NEW ARRIVAL] Loa Bluetooth Marshall Emberton III Portable - Hàng chính hãng,images_png/speaker/80959641.png,"Loa Bluetooth PKCB Bản Mở Rộng, chống nước IPX5 Hỗ Trợ Kết Nối Bluetooth ,Thẻ Nhớ, USB  - Hàng chính hãng",False
images_png/speaker/277581685.png,"Bộ 3 Loa Máy Tính D222 Có Đèn LED, Âm Thanh 9D Chất Lượng Tốt, Nghe Nhạc Hay -  Hàng Nhập Khẩu",images_png/speaker/73204703.png,"Máy trợ giảng không dây SHIDU kết nối bằng tần số cao cấp, mic trợ giảng cho giáo viên và hướng dẫn viên du lịch, loa trợ giảng cài áo tiện lợi, Hàng nhập khẩu",False
images_png/laptop/278229740.png,"Laptop HP Envy X360 14-fc0161TU (Core Ultra 5-125U| 16GB RAM| 512GB SSD| Intel Graphics| 14""2.8K| Blue) - Hàng Chính Hãng",images_png/laptop/278304793.png,"Laptop Dell Inspiron 15 3520 71069202 ( Core i7-1255U| 16GB| 512GB SSD| Intel Iris Xe Graphics| 15.6"" FHD| Đen) - Hàng Chính Hãng - Bảo Hành 12 Tháng tại Dell Việt Nam",True
images_png/phone/277707642.png,Điện thoại Samsung Galaxy A26 5G (8GB/128GB) - Hàng chính hãng,images_png/speaker/2013189.png,Máy Nghe Nhạc MP3 Ruizu X02 8GB - Hàng Chính Hãng,False
images_png/speaker/277771239.png,Loa Bluetooth Xiaomi Speaker - GiaPhucStore | Hàng Chính Hãng,images_png/tv/276860956.png,"Android Tivi LED Hisense 32 inch 32A4N trợ lý ảo Google Voice Control, bảo hành chính hãng 2 năm - Hàng Chính Hãng",False
images_png/tv/275244561.png,Smart Tivi OLED LG 4K 77 inch OLED77C4PSA Mới 2024 - Hàng chính hãng - Giao HCM và 1 số tỉnh thành,images_png/tv/276387015.png,Smart Tivi OLED LG 4K 55 inch 55G4PSA Mẫu mới - HÀNG CHÍNH HÃNG - CHỈ GIAO HCM,True
images_png/camera/272268455.png,"Camera Wifi EZVIZ H3C 2MP Có Màu Ban Đêm, H3C 1080P Mic thu âm - Hàng Chính Hãng",images_png/speaker/276075466.png,[NEW ARRIVAL] Loa Bluetooth Marshall Willen II Portable - Hàng chính hãng,False
images_png/phone/273990229.png,Điện Thoại Xiaomi Redmi Note 13 6GB/128GB - Hàng Chính Hãng,images_png/phone/276062770.png,Điện Thoại Xiaomi Redmi 14C 4GB/128GB - Hàng Chính Hãng,True
images_png/phone/277512611.png,Điện Thoại Samsung Galaxy A56 5G 8GB/128GB - Hàng Chính Hãng,images_png/phone/277944334.png,Điện Thoại Samsung Galaxy A06 5G 4GB/64GB - Hàng Chính Hãng,True
images_png/laptop/275854386.png,Laptop HP 15 fd1045TU 9Z2X1PA (Core 5 120U/ 16GB/ 512GB SSD/ 15.6 inch FHD/ Win11/ Bạc) - Hàng Chính Hãng,images_png/phone/271954384.png,"Điện thoại OPPO A58 6GB/128GB , Sạc nhanh 33W - Hàng Chính Hãng",False
images_png/laptop/278078281.png,ASUS Vivobook X1404VA-NK394W (Intel Core i3-1315U | Intel UHD Graphics | 14 inch FHD | 8GB | 512GB | Win 11 Home | Bạc) - HÀNG CHÍNH HÃNG,images_png/speaker/275254778.png,"oa Máy trợ giảng Chính Hãng Aporo T18 2.4G Plus, T25 2.4G, Hàng Chính Hãng  (Bảo hành 12 tháng Quà Khuyến Mại)",False
images_png/laptop/277945130.png,"Dell Precision 5540 Core i9 Ram 16gb, SSD NVME 512gb Card T2000 15.6inch IPS - Hàng Chính Hãng",images_png/laptop/277953961.png,"Laptop Dell Latitude 5500 Core i5-8350U, RAM 8GB, SSD 256GB - Hàng chính hãng",True
images_png/tv/275603494.png,K-85S30 - Google Tivi Sony 4K 85 inch K-85S30 - Hàng Chính Hãng,images_png/tv/276621654.png,Smart Tivi OLED LG 4K 65 Inch 65M4PSA - Hàng chính hãng,False
images_png/laptop/276365829.png,Laptop Asus Vivobook Go 15 E1504FA-NJ454W (Ryzen 5 7520U | 16GB | 512GB | 15.6 inch FHD | AMD Radeon Graphics | Win 11 | Bạc) - HÀNG CHÍNH HÃNG,images_png/laptop/278076593.png,Asus Vivobook 15 X1504VA-BQ2076W (Intel Core i5-1334U | 16GB | 512GB | Intel Iris Xe | 15.6 inch FHD IPS | Win 11 | Bạc) - HÀNG CHÍNH HÃNG,True
images_png/camera/271248861.png,"Camera Yoosee 2 Mắt Q26D Phiên bản Phóng To 6X Cực Nét - Camera kép xem cùng lúc trên điện thoại, Đàm thoại 2 Chiều, Ban Đêm Có Màu - Hàng Chính Hãng",images_png/camera/275773160.png,Camera IP 360 Độ 2MP TP-Link Tapo TC70 - Hàng Chính Hãng,False
images_png/laptop/278076593.png,Asus Vivobook 15 X1504VA-BQ2076W (Intel Core i5-1334U | 16GB | 512GB | Intel Iris Xe | 15.6 inch FHD IPS | Win 11 | Bạc) - HÀNG CHÍNH HÃNG,images_png/laptop/278078281.png,ASUS Vivobook X1404VA-NK394W (Intel Core i3-1315U | Intel UHD Graphics | 14 inch FHD | 8GB | 512GB | Win 11 Home | Bạc) - HÀNG CHÍNH HÃNG,True
images_png/camera/222452404.png,1 Kg gói hút ẩm loại 10gr (100 gói) nhãn hiệu MAX DESI hàng chính hãng,images_png/tv/204337932.png,Google  ti vi Asanzo 32EX9- hàng chính hãng- ĐIỀU KHIỂN GIỌNG NÓI,False
images_png/laptop/278071899.png,Laptop Lenovo ThinkPad E14 Gen 7 21SX002QVA (Intel Core Ultra 5 225U | 16GB | 512GB | 14 inch WUXGA | Intel Graphics | NoOS | Đen) - HÀNG CHÍNH HÃNG,images_png/speaker/277771239.png,Loa Bluetooth Xiaomi Speaker - GiaPhucStore | Hàng Chính Hãng,False
images_png/laptop/275854376.png,Laptop HP 15 fd1043TU 9Z2W9PA (Core 5 120U/ 16GB/ 1TB SSD/ 15.6 inch FHD/ Win11/ Bạc) - Hàng Chính Hãng,images_png/speaker/145717791.png,Loa bluetooth Microlab MS210 - Hàng Chính Hãng,False
images_png/laptop/275854376.png,Laptop HP 15 fd1043TU 9Z2W9PA (Core 5 120U/ 16GB/ 1TB SSD/ 15.6 inch FHD/ Win11/ Bạc) - Hàng Chính Hãng,images_png/laptop/275854386.png,Laptop HP 15 fd1045TU 9Z2X1PA (Core 5 120U/ 16GB/ 512GB SSD/ 15.6 inch FHD/ Win11/ Bạc) - Hàng Chính Hãng,True
images_png/tv/275245427.png,Smart Tivi NanoCell LG 4K 43 inch 43NANO81TSA Mới 2024 - Hàng chính hãng - Giao HCM và 1 số tỉnh thành,images_png/tv/275249046.png,Smart Tivi NanoCell LG 4K 65 Inch 65NANO81TSA Mới 2024 - Hàng chính hãng - Giao HCM và 1 số tỉnh thành,True
images_png/laptop/275850110.png,Laptop HP EliteBook 630 G10 9J0B3PT (i5 1335U/ 8GB/ 512GB SSD/13.3 inch FHD/Win11/ Silver/ Vỏ nhôm) - Hàng Chính Hãng,images_png/laptop/277936690.png,"Laptop Dell Inspiron 7472, Core i5-8250U, Ram 8GB, SSD 128GB, 14 inch Full HD, VGA 2G - Hàng Chính Hãng",False
images_png/tv/207872108.png,Tivi 32IN HÀNG CHÍNH HÃNG NHẬP KHẨU TỪ HÀN QUỐC,images_png/tv/248237801.png,Android TV K-Elec Full HD 43LK885V - Hàng nhập khẩu,True
images_png/laptop/277274848.png,Dell Latitude 5410 /Core i5-10310U / RAM 8GB / SSD 256GB / 14inch FHD - Hàng Chính Hãng,images_png/phone/277512620.png,Điện Thoại Samsung Galaxy A36 5G 8GB/128GB - Hàng Chính Hãng,False
images_png/camera/202904152.png,"Camera IMOU Cruiser 2MP/4MP, Camera ngoài trời, xoay 360, chống nước, tích hợp đèn chiếu sáng, có màu ban đêm - Hàng Chính Hãng",images_png/phone/276448920.png,"Máy đọc sách Amazon Kindle Paperwhite 6 (Gen 12th), Mới nguyên Seal - Hàng chính hãng",False
images_png/tv/275249046.png,Smart Tivi NanoCell LG 4K 65 Inch 65NANO81TSA Mới 2024 - Hàng chính hãng - Giao HCM và 1 số tỉnh thành,images_png/tv/275803796.png,Smart Tivi NanoCell LG 4K 50 inch 50NANO81TSA - hàng chính hãng - chỉ giao tại HCM,True
images_png/laptop/278226504.png,"Laptop Dell Inspiron 15 3530 N3530-i3U085W11SLU (Core i3-1305U| 8GB| 512GB SSD| 15.6"" FHD| Bạc) - Hàng Chính Hãng - Bảo Hành 12 Tháng Tại Dell Việt Nam",images_png/laptop/278229740.png,"Laptop HP Envy X360 14-fc0161TU (Core Ultra 5-125U| 16GB RAM| 512GB SSD| Intel Graphics| 14""2.8K| Blue) - Hàng Chính Hãng",True
images_png/laptop/277991695.png,"MacBook Air M4 (13 inch, 16GB/ 256GB) - MW0Y3SA/A - Vàng ánh sao",images_png/tv/275194363.png,Smart TV HD Coocaa 32 Inch Wifi - Model 32S3U+ - Hàng Chính Hãng,False
images_png/laptop/278226504.png,"Laptop Dell Inspiron 15 3530 N3530-i3U085W11SLU (Core i3-1305U| 8GB| 512GB SSD| 15.6"" FHD| Bạc) - Hàng Chính Hãng - Bảo Hành 12 Tháng Tại Dell Việt Nam",images_png/laptop/278304303.png,"Laptop Dell Inspiron 15 3520 71058652 ( i5-1235U| 8GB| 512GB SSD| 15.6"" FHD|  Bạc (Platinum Silver))  - Hàng Chính Hãng - Bảo Hành 12 Tháng tại Dell Việt Nam",True
images_png/camera/187642259.png,Camera WiFi Ngoài Trời TP-Link Tapo C320WS 4MP - Hàng Chính Hãng,images_png/laptop/275850110.png,Laptop HP EliteBook 630 G10 9J0B3PT (i5 1335U/ 8GB/ 512GB SSD/13.3 inch FHD/Win11/ Silver/ Vỏ nhôm) - Hàng Chính Hãng,False
images_png/camera/273932705.png,"(MẪU MỚI) CAMERA YOOSEE BÓNG ĐÈN 2 MẮT QS211 FHD XEM 2 KHUNG HÌNH, HÌNH ẢNH SẮC NÉT, QUAY ĐÊM CÓ MÀU - HÀNG CHÍNH HÃNG",images_png/tv/276931435.png,Tivi Android  LED Hisense 40 inch 40A4N - HÀNG CHÍNH HÃNG - CHỈ GIAO HCM,False
images_png/phone/277512611.png,Điện Thoại Samsung Galaxy A56 5G 8GB/128GB - Hàng Chính Hãng,images_png/phone/277704510.png,Điện Thoại Samsung Galaxy A26 5G 8GB/128GB - Hàng Chính Hãng,True
images_png/laptop/278304303.png,"Laptop Dell Inspiron 15 3520 71058652 ( i5-1235U| 8GB| 512GB SSD| 15.6"" FHD|  Bạc (Platinum Silver))  - Hàng Chính Hãng - Bảo Hành 12 Tháng tại Dell Việt Nam",images_png/laptop/278304793.png,"Laptop Dell Inspiron 15 3520 71069202 ( Core i7-1255U| 16GB| 512GB SSD| Intel Iris Xe Graphics| 15.6"" FHD| Đen) - Hàng Chính Hãng - Bảo Hành 12 Tháng tại Dell Việt Nam",True
images_png/camera/84866683.png,Camera IP Wifi Trong Nhà Ezviz Mini CS-C1C-B 1080p - Hàng Chính Hãng,images_png/phone/277944334.png,Điện Thoại Samsung Galaxy A06 5G 4GB/64GB - Hàng Chính Hãng,False
images_png/laptop/275854376.png,Laptop HP 15 fd1043TU 9Z2W9PA (Core 5 120U/ 16GB/ 1TB SSD/ 15.6 inch FHD/ Win11/ Bạc) - Hàng Chính Hãng,images_png/tv/278077419.png,Google Tivi Xiaomi A 2026 4K 55 inch L55MB-ASEA - Hàng chính hãng,False
images_png/phone/277360579.png,Điện Thoại Xiaomi Redmi 13 8GB/128GB - Hàng Chính Hãng,images_png/phone/277512611.png,Điện Thoại Samsung Galaxy A56 5G 8GB/128GB - Hàng Chính Hãng,True
images_png/phone/277068413.png,"Điện thoại Samsung Galaxy S25 Ultra, Điện thoại AI, Tìm kiếm thông minh, Video camera đêm Nightography, S Pen đa nhiệm - Hàng Chính Hãng",images_png/speaker/21430781.png,Máy trợ giảng SHIDU SD-S358 - Hàng Chính Hãng,False
images_png/phone/276465090.png,"Combo Máy đọc sách Amazon Kindle Paperwhite 6 (Gen 12th) Kèm Bao Da, Mới nguyên Seal - Hàng chính hãng",images_png/speaker/276075423.png,[NEW ARRIVAL] Loa Bluetooth Marshall Emberton III Portable - Hàng chính hãng,False
images_png/laptop/277363548.png,Laptop HP ProBook 440 G10 9H8U4PT (i5 1335U/ 8GB/ 512GB SSD/14 inch FHD/Win11/ Silver/ Vỏ nhôm) - HÀNG CHÍNH HÃNG,images_png/laptop/277446629.png,Laptop Lenovo V14 Gen 4 IRU 83A000BEVN i5-13420H | 8GB | 512GB | 14' FHD | Win 11 - HÀNG CHÍNH HÃNG,True
images_png/camera/270977170.png,"Camera Yoosee Wifi 2 Mắt Ngoài Trời 2 Màn Hình 5MP Xem Đêm Có Màu, Hỗ Trợ Đàm Thoại 2 Chiều Xoay 360 Độ - Hàng Nhập Khẩu",images_png/speaker/184077032.png,Loa Bluetooth SoundMax R-800 - Hàng Chính Hãng,False
images_png/camera/275959921.png,"Chân Đế Camera, Giá Đỡ Camera Dán Tường Trong Suốt - Hàng Chính Hãng",images_png/laptop/273186974.png,Lenovo ThinkPad T460 Core i5 6200 / ram 8gb / ssd 256gb / Màn hình 14 inch- Hàng Chính Hãng,False
images_png/phone/276639232.png,Điện Thoại Samsung Galaxy A16 5G 8GB/128GB - Hàng Chính Hãng,images_png/phone/277737595.png,Điện Thoại Samsung Galaxy A06 5G 4GB/128GB - Hàng Chính Hãng,True
images_png/tv/276606018.png,Smart tivi 65 inch Qled 4K tivi Khung Tranh Google Frame tivi coocaa 65LN7000G - HÀNG CHÍNH HÃNG - CHỈ GIAO HCM,images_png/tv/277971948.png,Google Tivi LED TCL 4K 55 inch 55P755 Pro - Hàng Chính Hãng,False
images_png/phone/276062770.png,Điện Thoại Xiaomi Redmi 14C 4GB/128GB - Hàng Chính Hãng,images_png/phone/276639232.png,Điện Thoại Samsung Galaxy A16 5G 8GB/128GB - Hàng Chính Hãng,True
images_png/phone/277490201.png,Điện thoại Samsung Galaxy A36 5G (8GB/128GB) - Hàng chính hãng,images_png/phone/277707642.png,Điện thoại Samsung Galaxy A26 5G (8GB/128GB) - Hàng chính hãng,True
images_png/speaker/272286025.png,"Loa Vi Tính Logitech Z407 Bluetooth, công suất 80W - Hàng chính hãng",images_png/tv/274843323.png,Smart Tivi Samsung 4K 65 inch UA65DU8000 65DU8000 - Hàng chính hãng - Chỉ giao HCM,False
images_png/laptop/278227010.png,"Dell Inspiron 3530  71053696( Core i5-1334U| 16GB| 512GB SSD| Intel Iris Xe Graphics| 15.6"" FHD| Bạc (Platinum Silver)) - Hàng Chính Hãng- Bảo Hành 12 Tháng Tại Dell Việt Nam",images_png/laptop/278304303.png,"Laptop Dell Inspiron 15 3520 71058652 ( i5-1235U| 8GB| 512GB SSD| 15.6"" FHD|  Bạc (Platinum Silver))  - Hàng Chính Hãng - Bảo Hành 12 Tháng tại Dell Việt Nam",True
images_png/laptop/278226504.png,"Laptop Dell Inspiron 15 3530 N3530-i3U085W11SLU (Core i3-1305U| 8GB| 512GB SSD| 15.6"" FHD| Bạc) - Hàng Chính Hãng - Bảo Hành 12 Tháng Tại Dell Việt Nam",images_png/laptop/278226626.png,"Laptop Dell Inspiron 15 3520 N3520-i5U085W11SLU( Core i5-1235U| 8GB| 512GB SSD| 15.6"" FHD| Bạc) - Hàng Chính Hãng - Bảo Hành 12 Tháng Tại Dell Việt Nam",True
images_png/laptop/278229740.png,"Laptop HP Envy X360 14-fc0161TU (Core Ultra 5-125U| 16GB RAM| 512GB SSD| Intel Graphics| 14""2.8K| Blue) - Hàng Chính Hãng",images_png/laptop/278304303.png,"Laptop Dell Inspiron 15 3520 71058652 ( i5-1235U| 8GB| 512GB SSD| 15.6"" FHD|  Bạc (Platinum Silver))  - Hàng Chính Hãng - Bảo Hành 12 Tháng tại Dell Việt Nam",True
images_png/camera/272268455.png,"Camera Wifi EZVIZ H3C 2MP Có Màu Ban Đêm, H3C 1080P Mic thu âm - Hàng Chính Hãng",images_png/speaker/273054021.png,LOA BLUETOOTH KARAOKE SUYOSD YS-230 KÈM 2 Micro không dây -Hàng Chính Hãng,False
images_png/speaker/43851316.png,Loa bluetooth Karaoke Ruizu P88 hỗ trợ thẻ nhớ/USB/AUX/FM/jack 6.5mm - Tặng kèm micro karaoke (nhiều màu) Hàng Chính Hãng,images_png/tv/277989480.png,Google Tivi TCL QLED Full HD 32 Inch 32S5K - Hàng chính hãng,False
images_png/camera/222452404.png,1 Kg gói hút ẩm loại 10gr (100 gói) nhãn hiệu MAX DESI hàng chính hãng,images_png/camera/274069561.png,1 kg gói hút ẩm 5/10/20gr nhãn hiệu MAXDESI hàng chính hãng,True
images_png/tv/275019168.png,Google Tivi Sony 4K 50 inch K-50S30 - Hàng Chính Hãng,images_png/tv/275020293.png,Google Tivi LED Sony 4K 43 inch K-43S30 VN3 - Hàng Chính Hãng,True
images_png/camera/276857147.png,"Thẻ Vietmap Live Pro Chính Hãng 2025, cảnh báo tốc độ, camera phạt nguội dùng trên điện thoại, Android.box, Màn hình Ô Tô - Hàng chính hãng",images_png/laptop/278226626.png,"Laptop Dell Inspiron 15 3520 N3520-i5U085W11SLU( Core i5-1235U| 8GB| 512GB SSD| 15.6"" FHD| Bạc) - Hàng Chính Hãng - Bảo Hành 12 Tháng Tại Dell Việt Nam",False
images_png/phone/181927774.png,Điện thoại bàn Panasonic KX-TGD310 hàng chính hãng,images_png/speaker/277548884.png,"Loa vi tính để bàn SUPER BASS cực đã dòng loa cao cấp cho laptop, pc, điện thoại MÀU ĐEN 106x66mm - Hàng Chính Hãng ",False
images_png/camera/276021394.png,Camera quan sát Xiaomi C400 Smart 2.5K - Hàng Nhập Khẩu,images_png/tv/275603494.png,K-85S30 - Google Tivi Sony 4K 85 inch K-85S30 - Hàng Chính Hãng,False
images_png/camera/272366633.png,Camera Wifi TP-Link Tapo C211 Độ Phân Giải 2K UHD Quay Quét 360 Độ - Hàng Chính Hãng,images_png/speaker/276075466.png,[NEW ARRIVAL] Loa Bluetooth Marshall Willen II Portable - Hàng chính hãng,False
images_png/phone/276614493.png,Điện Thoại Samsung Galaxy A16 LTE (4GB/128GB) - Đã kích hoạt bảo hành điện tử - Hàng Chính Hãng,images_png/tv/276862301.png,"Google Tivi Hisense QLED Hisense 55 inch 55Q6N Google Assistant Có Tiếng Việt, Bảo Hành 3 Năm - Hàng Chính Hãng",False
images_png/camera/272268455.png,"Camera Wifi EZVIZ H3C 2MP Có Màu Ban Đêm, H3C 1080P Mic thu âm - Hàng Chính Hãng",images_png/phone/276515327.png,Điện thoại POCO C75 (6GB/128GB) - Hàng Chính Hãng,False
images_png/phone/277360579.png,Điện Thoại Xiaomi Redmi 13 8GB/128GB - Hàng Chính Hãng,images_png/phone/277737595.png,Điện Thoại Samsung Galaxy A06 5G 4GB/128GB - Hàng Chính Hãng,True
images_png/laptop/276366221.png,Laptop LG Gram 2024 14Z90S-G.AH75A5 (Intel Core Ultra 7 155H |16GB | 512GB | Intel Arc | 14 inch WUXGA | Win11 | Đen) - Hàng Chính Hãng - Bảo Hành 12 Tháng,images_png/laptop/276366329.png,Laptop LG Gram 2024 17Z90S-G.AH78A5 (Intel Core Ultra 7 155H | 16GB | 1TB | Intel Arc | 17 inch WQXGA | Win 11 | Đen) - Hàng Chính Hãng - Bảo Hành 12 Tháng,True
images_png/laptop/273002756.png,Laptop Dell Latitude 3590  Core i5 7200U- Ram 8GB- 128GB SSD Ổ cứng -Màn hình 15-6 inch BH 6 thang - Hàng chính hãng,images_png/tv/276032905.png,Smart Tivi Skyworth 43E5000G 43 inch 43E5000G - Hàng chính hãng,False
images_png/tv/276387015.png,Smart Tivi OLED LG 4K 55 inch 55G4PSA Mẫu mới - HÀNG CHÍNH HÃNG - CHỈ GIAO HCM,images_png/tv/276621654.png,Smart Tivi OLED LG 4K 65 Inch 65M4PSA - Hàng chính hãng,True
images_png/laptop/277274848.png,Dell Latitude 5410 /Core i5-10310U / RAM 8GB / SSD 256GB / 14inch FHD - Hàng Chính Hãng,images_png/tv/276861683.png,"Android Tivi LED Hisense 43 inch A4N Trợ Lý Ảo Google Voice Control, Bảo Hành 2 Năm - Hàng Chính Hãng",False
images_png/phone/276274790.png,Điện Thoại Samsung Galaxy A06 4GB/128GB - Hàng Chính Hãng,images_png/phone/277944334.png,Điện Thoại Samsung Galaxy A06 5G 4GB/64GB - Hàng Chính Hãng,True
images_png/camera/4688897.png,Chân Máy Ảnh Tripod Weifeng 3520 - Hàng Nhập Khẩu,images_png/tv/277988926.png,Google Tivi Xiaomi A Pro 2026 QLED 4K 55 Inch L55MB-APSEA - Hàng chính hãng,False
images_png/phone/277646748.png,Điện thoại Samsung Galaxy A06 5G (4GB/64GB) - Hàng chính hãng,images_png/speaker/276280160.png,"Loa Bluetooth di động Energizer BTS081BK, bảo hành 24 tháng 1 đổi 1 - Hàng chính hãng",False
images_png/laptop/189572199.png,"Laptop Asus VivoBook X515JA Core i3-1005G1/8GB/256GB/15.6""HD/Win 10/Màu Xám Mới 100%-Hàng Nhập Khẩu",images_png/speaker/57523356.png,Loa Bluetooth mini TWS 5.0  wireless không dây - [Hàng Chính Hãng,False
images_png/speaker/274165805.png,"Loa Bluetooth S2025 kết nối không dây, âm thanh vượt trội đẳng cấp không gian-Hàng Chính Hãng",images_png/tv/275602959.png,K-65XR80 - Google Tivi OLED Sony 4K 65 inch K-65XR80 - Hàng Chính Hãng,False
images_png/phone/276539826.png,"Máy đọc sách New Kindle 2024, 16Gb Mới nguyên Seal - Hàng chính hãng",images_png/phone/277512620.png,Điện Thoại Samsung Galaxy A36 5G 8GB/128GB - Hàng Chính Hãng,False
images_png/laptop/214863343.png,(Hàng không quà tặng) Laptop LG Gram 2022 14ZD90Q-G.AX31A5-D (i3-1220P | 8GB | 256GB | Intel UHD Graphics | 14' WUXGA) Hàng chính hãng,images_png/laptop/214863390.png,Laptop LG Gram 2022 14ZD90Q-G.AX31A5 (i3-1220P | 8GB | 256GB | Intel UHD Graphics | 14' WUXGA 99% DCI-P3 | DOS) Hàng chính hãng,True
images_png/phone/277512620.png,Điện Thoại Samsung Galaxy A36 5G 8GB/128GB - Hàng Chính Hãng,images_png/phone/277737629.png,Điện Thoại Xiaomi Redmi 13 6GB/128GB - Hàng Chính Hãng,True
images_png/camera/263987622.png,Camera Wifi TP-Link Tapo C200 / C210 Smart IR Full HD 1080P - Hàng Chính Hãng,images_png/camera/274954348.png,"Thẻ nhớ 32GB/ 64GB SDHC/ SDXC Lexar 800X PRO UHS-I BLUE Series, tốc độ đọc lên đến 150Mb/s - HÀNG CHÍNH HÃNG",False
images_png/laptop/276366370.png,Laptop Asus Zenbook S 14 OLED UX5406SA-PV140WS (Intel Core Ultra 7 Processor 258V | 14 inch 3K OLED | Intel Arc | 32GB | 1TB | Win 11 | Office |Trắng) - HÀNG CHÍNH HÃNG,images_png/phone/276109904.png,Apple iPhone 16 Pro Max,False
images_png/laptop/271264846.png,Lenovo Thinkpad X250 Core i5-5200U / RAM 8GB / SSD 256GB / Màn 12.5 inch0 HD (Phím JP) Hàng Chính Hãng,images_png/tv/274870710.png,Smart QLED Tivi 4K Samsung 55Q60DA 55 inch QA55Q60DA QA55Q60D 55Q60D - Hàng chính hãng - Chỉ giao HCM,False
images_png/phone/274405521.png,Điện Thoại Samsung Galaxy A05 4GB/64GB - Hàng Chính Hãng,images_png/phone/277944334.png,Điện Thoại Samsung Galaxy A06 5G 4GB/64GB - Hàng Chính Hãng,True
images_png/phone/274405521.png,Điện Thoại Samsung Galaxy A05 4GB/64GB - Hàng Chính Hãng,images_png/phone/277311630.png,Điện Thoại Xiaomi Redmi 14C 6GB/128GB - Hàng Chính Hãng,True
images_png/camera/85764360.png,Camera Wifi TP-Link Tapo C310 3MP An Ninh Ngoài Trời - Hàng Chính Hãng,images_png/speaker/275761136.png,Loa Bluetooth JBL Go 4 JBLGO4 - Hàng chính hãng,False
images_png/phone/277311630.png,Điện Thoại Xiaomi Redmi 14C 6GB/128GB - Hàng Chính Hãng,images_png/phone/277704510.png,Điện Thoại Samsung Galaxy A26 5G 8GB/128GB - Hàng Chính Hãng,True
images_png/phone/277512620.png,Điện Thoại Samsung Galaxy A36 5G 8GB/128GB - Hàng Chính Hãng,images_png/speaker/117987260.png,"Loa Máy Tính Doron V-196 - Âm Thanh Siêu Trầm 4D, Bass Êm - Hàng Chính Hãng",False
images_png/tv/274877090.png,QLED Tivi 4K Samsung 85Q60DA 85 inch Smart TV QA85Q60DA QA85Q60D 85Q60D - Hàng chính hãng - Chỉ giao HCM,images_png/tv/276606449.png,Smart Tivi Coocaa 65Y73 Pro 4K QLED 65 inch - Hàng chính hãng,True
images_png/speaker/241638318.png,Loa Bluetooth Marshall Stanmore III - Hàng chính hãng,images_png/speaker/270214387.png,Loa Bluetooth Marshall Middleton Portable - Hàng Chính Hãng (Cream),True
images_png/camera/275255482.png,"Camera wifi trong nhà TP-Link Tapo C220 - Độ phân giải 4K 2MP, Đàm thoại 2 chiều, Quay quét 360 độ - HÀNG CHÍNH HÃNG",images_png/tv/277988890.png,Google Tivi Xiaomi A Pro 2026 QLED 4K 43 Inch L43MB-APSEA - Hàng chính hãng,False
images_png/tv/275194363.png,Smart TV HD Coocaa 32 Inch Wifi - Model 32S3U+ - Hàng Chính Hãng,images_png/tv/275646608.png,43S3U+ - Smart Tivi Coocaa 43S3U+ Full HD 43 inch - Hàng Chính Hãng - Chỉ Giao Hồ Chí Minh,True
images_png/tv/274843323.png,Smart Tivi Samsung 4K 65 inch UA65DU8000 65DU8000 - Hàng chính hãng - Chỉ giao HCM,images_png/tv/274843351.png,Smart Tivi Samsung 4K 85 inch UA85DU8000 85DU8000 - Hàng chính hãng - Chỉ giao HCM,True
images_png/camera/272268455.png,"Camera Wifi EZVIZ H3C 2MP Có Màu Ban Đêm, H3C 1080P Mic thu âm - Hàng Chính Hãng",images_png/phone/271954384.png,"Điện thoại OPPO A58 6GB/128GB , Sạc nhanh 33W - Hàng Chính Hãng",False
images_png/laptop/275854376.png,Laptop HP 15 fd1043TU 9Z2W9PA (Core 5 120U/ 16GB/ 1TB SSD/ 15.6 inch FHD/ Win11/ Bạc) - Hàng Chính Hãng,images_png/speaker/104180.png,Loa Vi Tính SoundMax A-130/2.0 6W,False
images_png/camera/275938579.png,"Camera trong nhà TP-Link Tapo TC60 - Full HD, Đàm thoại 2 chiều, Phát hiện chuyển động - HÀNG CHÍNH HÃNG",images_png/camera/85764360.png,Camera Wifi TP-Link Tapo C310 3MP An Ninh Ngoài Trời - Hàng Chính Hãng,False
images_png/phone/181452535.png,"Điện thoại Itel Magic X Pro 4G ,Kết nối WIFI,Chia sẻ WIFI cho máy khác - Hàng chính hãng",images_png/phone/276925932.png,Điện thoại Samsung Galaxy A16 LTE - Hàng chính hãng,False
images_png/tv/276032905.png,Smart Tivi Skyworth 43E5000G 43 inch 43E5000G - Hàng chính hãng,images_png/tv/276921311.png,TIVI LED SKYWORTH HD 32 INCH  32E5000G - HÀNG CHÍNH HÃNG - CHỈ GIAO HCM,True
images_png/phone/276944892.png,Điện Thoại Samsung Galaxy A06 4GB/64GB - Hàng Chính Hãng,images_png/phone/277512620.png,Điện Thoại Samsung Galaxy A36 5G 8GB/128GB - Hàng Chính Hãng,True
images_png/phone/277311630.png,Điện Thoại Xiaomi Redmi 14C 6GB/128GB - Hàng Chính Hãng,images_png/phone/277360579.png,Điện Thoại Xiaomi Redmi 13 8GB/128GB - Hàng Chính Hãng,True
images_png/tv/276412010.png,Google Tivi Aqua QLED 4K 50 inch AQT50S80EUX - Freeship toàn quốc - Bảo hành 1 đổi 1 trong 730 ngày đối với lỗi màn hình - Hàng chính hãng,images_png/tv/276412014.png,Google Tivi Aqua QLED 4K 50 inch AQT50S800UX - Freeship toàn quốc - Bảo hành 1 đổi 1 trong 730 ngày đối với lỗi màn hình - Hàng chính hãng,True
images_png/phone/276500230.png,"Máy đọc sách Kindle Colorsoft Signature Edition 32Gb, Màn hình màu 7 inch - Hàng chính hãng",images_png/phone/277512611.png,Điện Thoại Samsung Galaxy A56 5G 8GB/128GB - Hàng Chính Hãng,False
images_png/phone/277311630.png,Điện Thoại Xiaomi Redmi 14C 6GB/128GB - Hàng Chính Hãng,images_png/phone/277737595.png,Điện Thoại Samsung Galaxy A06 5G 4GB/128GB - Hàng Chính Hãng,True
images_png/camera/272268455.png,"Camera Wifi EZVIZ H3C 2MP Có Màu Ban Đêm, H3C 1080P Mic thu âm - Hàng Chính Hãng",images_png/tv/275269812.png,Google Tivi Sony 4K 50 inch K-50S30 Mới 2024 - Hàng chính hãng - Giao HCM và 1 số tỉnh thành,False
images_png/phone/276281988.png,Điện thoại Samsung Galaxy A06 - Hàng chính hãng,images_png/phone/277646748.png,Điện thoại Samsung Galaxy A06 5G (4GB/64GB) - Hàng chính hãng,True
images_png/phone/276515327.png,Điện thoại POCO C75 (6GB/128GB) - Hàng Chính Hãng,images_png/phone/278098703.png,Điện thoại POCO C75 (8GB/256GB) - Hàng Chính Hãng,True
images_png/camera/10716498.png,Gói hút ẩm đa dụng loại 2gr - 100g - Hàng chính hãng,images_png/phone/275510578.png,Điện thoại OPPO A79 5G (8GB/256GB) - Hàng Chính Hãng,False
images_png/phone/277311630.png,Điện Thoại Xiaomi Redmi 14C 6GB/128GB - Hàng Chính Hãng,images_png/speaker/82861299.png,"Loa Bluetooth PKCB Bản Mở Rộng, chống nước IPX5 Hỗ Trợ Kết Nối Bluetooth ,Thẻ Nhớ, USB - Hàng chính hãng",False
images_png/laptop/270837635.png,Laptop Lenovo X1 Cacbon Core i7 / Core i5 / 16Gb / SSD nvme 256Gb Hàng chính hãng,images_png/speaker/276075423.png,[NEW ARRIVAL] Loa Bluetooth Marshall Emberton III Portable - Hàng chính hãng,False
images_png/phone/277014407.png,"Điện thoại ZTE Blade A34 (4GB/64GB) Màn hình 6.6"", Pin 5000mAh - Hàng chính hãng",images_png/speaker/241635069.png,Loa Bluetooth Marshall Woburn III - Hàng chính hãng,False
images_png/speaker/274704359.png,Loa máy trợ giảng không dây Aporo T18 Plus 2.4G Wifi Bluetooth 5.0 Hàng Chính Hãng (Lựa chọn thêm Hộp bảo vệ Aporo),images_png/tv/277972387.png,Smart Tivi Samsung 4K 55 inch UA55DU7000KXXV - Hàng chính hãng,False
images_png/camera/174896487.png,Camera WiFi Ngoài Trời TP-Link Tapo C320WS Độ Phân Giải 2K QHD - Hàng Chính Hãng,images_png/camera/85764360.png,Camera Wifi TP-Link Tapo C310 3MP An Ninh Ngoài Trời - Hàng Chính Hãng,True
images_png/laptop/275382480.png,LAPTOP HP PROBOOK 440 G10 (873B1PA) (I5 1340P/8GB RAM/512GB SSD/14 FHD CẢM ỨNG/WIN11/BẠC) - Hàng Chính Hãng - Bảo Hành 12 Tháng,images_png/laptop/275850110.png,Laptop HP EliteBook 630 G10 9J0B3PT (i5 1335U/ 8GB/ 512GB SSD/13.3 inch FHD/Win11/ Silver/ Vỏ nhôm) - Hàng Chính Hãng,True
images_png/laptop/276365829.png,Laptop Asus Vivobook Go 15 E1504FA-NJ454W (Ryzen 5 7520U | 16GB | 512GB | 15.6 inch FHD | AMD Radeon Graphics | Win 11 | Bạc) - HÀNG CHÍNH HÃNG,images_png/laptop/278078315.png,Asus Vivobook 15 X1504VA-NJ1969W (Intel Core i5-1334U | 16GB | 512GB | Intel Iris Xe | 15.6 inch FHD IPS | Win 11 | Bạc) - HÀNG CHÍNH HÃNG,True
images_png/laptop/277361271.png,Laptop HP ProBook 450 G9 6M0Y5PA (i3 1215U/ 8GB/ 512GB SSD/15.6 inch/Win11/ Silver) - Hàng Chính Hãng,images_png/phone/278219968.png,Điện thoại OPPO A3 8GB/128GB - Hàng Chính Hãng,False
images_png/phone/276448920.png,"Máy đọc sách Amazon Kindle Paperwhite 6 (Gen 12th), Mới nguyên Seal - Hàng chính hãng",images_png/tv/276089188.png,Skyworth Google TV 2K FHD 24P6300 - Hàng chính hãng,False
images_png/laptop/277446629.png,Laptop Lenovo V14 Gen 4 IRU 83A000BEVN i5-13420H | 8GB | 512GB | 14' FHD | Win 11 - HÀNG CHÍNH HÃNG,images_png/laptop/277912853.png,Laptop Lenovo V15 Gen 4 ( 83A100RGVN ) | Grey | Intel Core i7-13620H | Ram 8GB | 512GB SSD | Intel UHD Graphics | 15.6 Inch FHD | No Os | 2Yrs - HÀNG CHÍNH HÃNG,True
images_png/phone/277311630.png,Điện Thoại Xiaomi Redmi 14C 6GB/128GB - Hàng Chính Hãng,images_png/phone/277512611.png,Điện Thoại Samsung Galaxy A56 5G 8GB/128GB - Hàng Chính Hãng,True
images_png/phone/276515327.png,Điện thoại POCO C75 (6GB/128GB) - Hàng Chính Hãng,images_png/tv/277972475.png,Smart Tivi Samsung 4K 65 inch UA65DU7000KXXV - Hàng chính hãng,False
images_png/camera/41319582.png,Camera IP Wifi Trong Nhà EZVIZ C6N 1080p - Hàng Chính Hãng,images_png/phone/277707642.png,Điện thoại Samsung Galaxy A26 5G (8GB/128GB) - Hàng chính hãng,False
images_png/camera/275511061.png,Máy Dò Camera Ẩn XM SMOOVIE Chống Quay Lén và Cảnh Báo Chống Trộm - Thiết Bị Dò Hồng Ngoại Phát Hiện Chuyển Động - Hàng chính hãng,images_png/tv/276861471.png,"Android Tivi LED Hisense 40 inch A4N trợ lý ảo Google Voice Control, bảo hành 2 năm - Hàng Chính Hãng",False
images_png/speaker/274046847.png,Loa Bluetooth Alpha Works W88 - Hàng Chính Hãng,images_png/tv/275602959.png,K-65XR80 - Google Tivi OLED Sony 4K 65 inch K-65XR80 - Hàng Chính Hãng,False
images_png/laptop/276366221.png,Laptop LG Gram 2024 14Z90S-G.AH75A5 (Intel Core Ultra 7 155H |16GB | 512GB | Intel Arc | 14 inch WUXGA | Win11 | Đen) - Hàng Chính Hãng - Bảo Hành 12 Tháng,images_png/speaker/277468981.png,"Loa Bluetooth Mini Karaoke Không Dây, Kèm 2 Mic, Âm Thanh Sống Động, Đèn LED 16 Màu - HÀNG CHÍNH HÃNG MINIIN",False
images_png/phone/276639232.png,Điện Thoại Samsung Galaxy A16 5G 8GB/128GB - Hàng Chính Hãng,images_png/phone/277944334.png,Điện Thoại Samsung Galaxy A06 5G 4GB/64GB - Hàng Chính Hãng,True
images_png/camera/263987622.png,Camera Wifi TP-Link Tapo C200 / C210 Smart IR Full HD 1080P - Hàng Chính Hãng,images_png/camera/275773160.png,Camera IP 360 Độ 2MP TP-Link Tapo TC70 - Hàng Chính Hãng,True
images_png/tv/277429931.png,"Smart Tivi Xiaomi TV A43"" FUD 2025 - 43 Inch - Hàng Chính Hãng, Bảo Hành 24 Tháng",images_png/tv/277991140.png,[NEW 2026 TV Series] Smart Tivi Xiaomi TV A 43 2026 - 43 Inch - UHD 4K - Hàng Chính Hãng,True
images_png/camera/276711006.png,Camera hành trình 70mai M310 Ghi hình 2K (QHD) Góc quay rộng 130° (Cam trước) - Hàng chính hãng,images_png/laptop/275850110.png,Laptop HP EliteBook 630 G10 9J0B3PT (i5 1335U/ 8GB/ 512GB SSD/13.3 inch FHD/Win11/ Silver/ Vỏ nhôm) - Hàng Chính Hãng,False
images_png/tv/275245456.png,Smart Tivi LG 4K 43 inch 43UT8050PSB Mới 2024 - Hàng chính hãng - Giao HCM và 1 số tỉnh thành,images_png/tv/275268806.png,Smart Tivi LG 4K 50 inch 50UT8050PSB Mới 2024 - Hàng chính hãng - Giao HCM và 1 số tỉnh thành,True
images_png/phone/277490201.png,Điện thoại Samsung Galaxy A36 5G (8GB/128GB) - Hàng chính hãng,images_png/phone/277777809.png,"Điện thoại Samsung Galaxy A26 5G (8/128GB), Mặt lưng kính, AI-Circle to Search, Camera HDR chụp đêm sáng rõ - Hàng chính hãng",True
images_png/phone/276925932.png,Điện thoại Samsung Galaxy A16 LTE - Hàng chính hãng,images_png/phone/277646748.png,Điện thoại Samsung Galaxy A06 5G (4GB/64GB) - Hàng chính hãng,True
images_png/camera/271248861.png,"Camera Yoosee 2 Mắt Q26D Phiên bản Phóng To 6X Cực Nét - Camera kép xem cùng lúc trên điện thoại, Đàm thoại 2 Chiều, Ban Đêm Có Màu - Hàng Chính Hãng",images_png/laptop/278076593.png,Asus Vivobook 15 X1504VA-BQ2076W (Intel Core i5-1334U | 16GB | 512GB | Intel Iris Xe | 15.6 inch FHD IPS | Win 11 | Bạc) - HÀNG CHÍNH HÃNG,False
images_png/laptop/189572199.png,"Laptop Asus VivoBook X515JA Core i3-1005G1/8GB/256GB/15.6""HD/Win 10/Màu Xám Mới 100%-Hàng Nhập Khẩu",images_png/phone/277175913.png,Điện Thoại Xiaomi Redmi Note 14 6GB/128GB - Hàng Chính Hãng,False
images_png/camera/212934661.png,"Camera IP Wifi trong nhà EZVIZ C6N 4M 2K, xoay 360 độ ezviz C6N Full HD, đàm thoại 2 chiều - Hàng chính hãng",images_png/camera/277381589.png,Camera WiFi quay quét EZVIZ H6C Pro 3K 5MP - hàng chính hãng,True
images_png/laptop/214863390.png,Laptop LG Gram 2022 14ZD90Q-G.AX31A5 (i3-1220P | 8GB | 256GB | Intel UHD Graphics | 14' WUXGA 99% DCI-P3 | DOS) Hàng chính hãng,images_png/tv/275244561.png,Smart Tivi OLED LG 4K 77 inch OLED77C4PSA Mới 2024 - Hàng chính hãng - Giao HCM và 1 số tỉnh thành,False
images_png/speaker/160946349.png,"Loa Bluetooth nghe nhạc không dây 100W công suất lớn Super Bass có cổng usb, thẻ nhớ, line 3.5mm pin 10400MAH sạc Type C Chip DSP TWS lên 200W cao cấp Hàng Chính Hãng PKCB",images_png/tv/275269812.png,Google Tivi Sony 4K 50 inch K-50S30 Mới 2024 - Hàng chính hãng - Giao HCM và 1 số tỉnh thành,False
images_png/camera/275918344.png,"Camera wifi Ezviz ngoài trời H8C PRO 3MP phát hiện chuyển động, quay 360, đàm thoại 2 chiều- Hàng chính hãng",images_png/laptop/277466579.png,[Laptop I5-13420H] Laptop Asus Expertbook P1403CVA (Intel Core i5-13420H | 14 inch FHD IPS | RAM 16GB | SSD 512GB | Win bản quyền),False
images_png/phone/277360579.png,Điện Thoại Xiaomi Redmi 13 8GB/128GB - Hàng Chính Hãng,images_png/phone/277512620.png,Điện Thoại Samsung Galaxy A36 5G 8GB/128GB - Hàng Chính Hãng,True
images_png/camera/212934661.png,"Camera IP Wifi trong nhà EZVIZ C6N 4M 2K, xoay 360 độ ezviz C6N Full HD, đàm thoại 2 chiều - Hàng chính hãng",images_png/camera/274184765.png,"Camera Wifi Ezviz 2 Mắt Trong Nhà H7C 2K 8MP, quay 360 độ, có màu ban đêm, đàm thoại 2 chiều - Hàng chính hãng",True
images_png/tv/277988890.png,Google Tivi Xiaomi A Pro 2026 QLED 4K 43 Inch L43MB-APSEA - Hàng chính hãng,images_png/tv/277988926.png,Google Tivi Xiaomi A Pro 2026 QLED 4K 55 Inch L55MB-APSEA - Hàng chính hãng,True
images_png/camera/275856061.png,"Bộ dây đeo ngực 5 chi tiết cho máy quay hành động, smartphone 077, hàng chính hãng",images_png/laptop/252566338.png,"Laptop Asus Vivobook 15 (X1504VA-NJ069W) / Bạc/ Intel Core i3-1315U Processor (upto 4.5Ghz, 10MB)/ RAM 8GB/ 512GB SSD/ Intel UHD Graphics/ 15.6inch FHD/ Win 11H/ 2Yrs - Hàng Chính Hãng",False
images_png/phone/277311630.png,Điện Thoại Xiaomi Redmi 14C 6GB/128GB - Hàng Chính Hãng,images_png/phone/277737629.png,Điện Thoại Xiaomi Redmi 13 6GB/128GB - Hàng Chính Hãng,True
images_png/tv/274870404.png,Smart Tivi QLED 4K Samsung 43Q60DA 43 inch Smart TV QA43Q60DA QA43Q60D 43Q60D - Hàng chính hãng - Chỉ giao HCM,images_png/tv/274877090.png,QLED Tivi 4K Samsung 85Q60DA 85 inch Smart TV QA85Q60DA QA85Q60D 85Q60D - Hàng chính hãng - Chỉ giao HCM,True
images_png/phone/276274790.png,Điện Thoại Samsung Galaxy A06 4GB/128GB - Hàng Chính Hãng,images_png/phone/277704510.png,Điện Thoại Samsung Galaxy A26 5G 8GB/128GB - Hàng Chính Hãng,True
images_png/laptop/277936690.png,"Laptop Dell Inspiron 7472, Core i5-8250U, Ram 8GB, SSD 128GB, 14 inch Full HD, VGA 2G - Hàng Chính Hãng",images_png/tv/275249046.png,Smart Tivi NanoCell LG 4K 65 Inch 65NANO81TSA Mới 2024 - Hàng chính hãng - Giao HCM và 1 số tỉnh thành,False
images_png/camera/277417151.png,"Camera Yoosee Wifi Ngoài Trời 2 Mắt Xem Cùng Lúc, Góc rộng, Đàm Thoại, IP66 Chống Nước, Báo Động, Hàng Nhập Khẩu - Bảo Hành 12 Tháng",images_png/phone/274405521.png,Điện Thoại Samsung Galaxy A05 4GB/64GB - Hàng Chính Hãng,False
images_png/laptop/206840788.png,Laptop Lenovo ThinkPad E15 Gen 4 21E600CMVA (Đen) - Tặng  chuột Zadez M-331 - Hàng chính hãng,images_png/phone/274405521.png,Điện Thoại Samsung Galaxy A05 4GB/64GB - Hàng Chính Hãng,False
images_png/laptop/278226504.png,"Laptop Dell Inspiron 15 3530 N3530-i3U085W11SLU (Core i3-1305U| 8GB| 512GB SSD| 15.6"" FHD| Bạc) - Hàng Chính Hãng - Bảo Hành 12 Tháng Tại Dell Việt Nam",images_png/laptop/278227010.png,"Dell Inspiron 3530  71053696( Core i5-1334U| 16GB| 512GB SSD| Intel Iris Xe Graphics| 15.6"" FHD| Bạc (Platinum Silver)) - Hàng Chính Hãng- Bảo Hành 12 Tháng Tại Dell Việt Nam",True
images_png/laptop/277945130.png,"Dell Precision 5540 Core i9 Ram 16gb, SSD NVME 512gb Card T2000 15.6inch IPS - Hàng Chính Hãng",images_png/laptop/278076593.png,Asus Vivobook 15 X1504VA-BQ2076W (Intel Core i5-1334U | 16GB | 512GB | Intel Iris Xe | 15.6 inch FHD IPS | Win 11 | Bạc) - HÀNG CHÍNH HÃNG,False
images_png/phone/276062770.png,Điện Thoại Xiaomi Redmi 14C 4GB/128GB - Hàng Chính Hãng,images_png/phone/276274790.png,Điện Thoại Samsung Galaxy A06 4GB/128GB - Hàng Chính Hãng,True
images_png/laptop/275269577.png,Laptop ASUS Vivobook 15 X1504ZA i3 1215U/8GB/512GB/Win11 (NJ102W) - Hàng Chính Hãng ,images_png/phone/181927774.png,Điện thoại bàn Panasonic KX-TGD310 hàng chính hãng,False
images_png/camera/154259057.png,"Camera IP WIFI IMOU RANGER A2 Full HD 1080P, phiên bản 2022 - Hàng Chính Hãng",images_png/camera/263596152.png,Camera wifi trong nhà quay quét 3MP IMOU IPC-A32EP-L - Hàng chính hãng,True
images_png/camera/274184765.png,"Camera Wifi Ezviz 2 Mắt Trong Nhà H7C 2K 8MP, quay 360 độ, có màu ban đêm, đàm thoại 2 chiều - Hàng chính hãng",images_png/camera/274879959.png,Camera IP Wifi Trong Nhà EZVIZ C6N 1080p - Hàng Chính Hãng,True
images_png/phone/276062770.png,Điện Thoại Xiaomi Redmi 14C 4GB/128GB - Hàng Chính Hãng,images_png/phone/276944868.png,Điện Thoại Samsung Galaxy A16 4GB/128GB - Hàng Chính Hãng,True
images_png/phone/274405521.png,Điện Thoại Samsung Galaxy A05 4GB/64GB - Hàng Chính Hãng,images_png/phone/276062770.png,Điện Thoại Xiaomi Redmi 14C 4GB/128GB - Hàng Chính Hãng,True
images_png/laptop/214863343.png,(Hàng không quà tặng) Laptop LG Gram 2022 14ZD90Q-G.AX31A5-D (i3-1220P | 8GB | 256GB | Intel UHD Graphics | 14' WUXGA) Hàng chính hãng,images_png/speaker/108379905.png,Loa máy tính Game thủ LDK.ai RGB 2.1 LeeFei - Hàng chính hãng,False
images_png/laptop/252566338.png,"Laptop Asus Vivobook 15 (X1504VA-NJ069W) / Bạc/ Intel Core i3-1315U Processor (upto 4.5Ghz, 10MB)/ RAM 8GB/ 512GB SSD/ Intel UHD Graphics/ 15.6inch FHD/ Win 11H/ 2Yrs - Hàng Chính Hãng",images_png/laptop/278078281.png,ASUS Vivobook X1404VA-NK394W (Intel Core i3-1315U | Intel UHD Graphics | 14 inch FHD | 8GB | 512GB | Win 11 Home | Bạc) - HÀNG CHÍNH HÃNG,True
images_png/laptop/158583221.png,Laptop MSI Modern 14 B11SBU 668VN Carbon Gray (i5 1155G7/ 8GB/ 512GB SSD/ MX450 2GB/ W10) Hàng NK,images_png/tv/248237801.png,Android TV K-Elec Full HD 43LK885V - Hàng nhập khẩu,False
images_png/tv/275135940.png,Ti vi smart COOCAA 43S3U-HÀNG CHÍNH HÃNG,images_png/tv/275655645.png,K-65S30 - Google Tivi Sony 4K 65 inch K-65S30 - Hàng Chính Hãng - Chỉ Giao Hồ Chí Minh,False
images_png/laptop/277912717.png,Laptop Acer Aspire 7 A715-59G-73LB NH.QX6SV.002 (Intel Core i7-12650H | RTX 3050 6GB | 15.6 inch FHD IPS 144Hz | 16GB | 512GB | Win 11 | Đen) - HÀNG CHÍNH HÃNG,images_png/speaker/274165805.png,"Loa Bluetooth S2025 kết nối không dây, âm thanh vượt trội đẳng cấp không gian-Hàng Chính Hãng",False
images_png/tv/274843323.png,Smart Tivi Samsung 4K 65 inch UA65DU8000 65DU8000 - Hàng chính hãng - Chỉ giao HCM,images_png/tv/274870404.png,Smart Tivi QLED 4K Samsung 43Q60DA 43 inch Smart TV QA43Q60DA QA43Q60D 43Q60D - Hàng chính hãng - Chỉ giao HCM,True
images_png/phone/273990229.png,Điện Thoại Xiaomi Redmi Note 13 6GB/128GB - Hàng Chính Hãng,images_png/phone/276944868.png,Điện Thoại Samsung Galaxy A16 4GB/128GB - Hàng Chính Hãng,True
images_png/phone/277930407.png,Điện thoại Tecno Spark GO 1 (3GB/64GB) - Hàng Chính Hãng,images_png/tv/276861471.png,"Android Tivi LED Hisense 40 inch A4N trợ lý ảo Google Voice Control, bảo hành 2 năm - Hàng Chính Hãng",False
images_png/camera/277470272.png,"Ulanzi MT-79 / MT-89 - Tripod Đa Năng Cho Máy Ảnh, Điện Thoại, Thiết Bị Chiếu Sáng, Chiều Cao Đa Dạng - Hàng chính hãng",images_png/phone/11251770.png,Điện thoại bàn không dây Panasonic KX-TGD310 - Hàng Chính Hãng,False
images_png/phone/277311630.png,Điện Thoại Xiaomi Redmi 14C 6GB/128GB - Hàng Chính Hãng,images_png/phone/277512620.png,Điện Thoại Samsung Galaxy A36 5G 8GB/128GB - Hàng Chính Hãng,True
images_png/phone/273990229.png,Điện Thoại Xiaomi Redmi Note 13 6GB/128GB - Hàng Chính Hãng,images_png/phone/277360579.png,Điện Thoại Xiaomi Redmi 13 8GB/128GB - Hàng Chính Hãng,True
images_png/laptop/278227010.png,"Dell Inspiron 3530  71053696( Core i5-1334U| 16GB| 512GB SSD| Intel Iris Xe Graphics| 15.6"" FHD| Bạc (Platinum Silver)) - Hàng Chính Hãng- Bảo Hành 12 Tháng Tại Dell Việt Nam",images_png/laptop/278304793.png,"Laptop Dell Inspiron 15 3520 71069202 ( Core i7-1255U| 16GB| 512GB SSD| Intel Iris Xe Graphics| 15.6"" FHD| Đen) - Hàng Chính Hãng - Bảo Hành 12 Tháng tại Dell Việt Nam",True
images_png/phone/276925932.png,Điện thoại Samsung Galaxy A16 LTE - Hàng chính hãng,images_png/phone/277651890.png,Điện thoại Samsung Galaxy A06 5G (4GB/128GB) - Hàng chính hãng,True
images_png/phone/252586291.png,Máy đọc sách All New Kindle Paperwhite 5 (11th Gen) - Hàng chính hãng,images_png/phone/277651890.png,Điện thoại Samsung Galaxy A06 5G (4GB/128GB) - Hàng chính hãng,False
images_png/camera/194067352.png,Camera Wifi Trong Nhà EZVIZ C6N 2M FHD 1080P Quay 355 độ - Đàm thoại 2 chiều - Hàng Chính Hãng,images_png/camera/212934661.png,"Camera IP Wifi trong nhà EZVIZ C6N 4M 2K, xoay 360 độ ezviz C6N Full HD, đàm thoại 2 chiều - Hàng chính hãng",True
images_png/laptop/277363548.png,Laptop HP ProBook 440 G10 9H8U4PT (i5 1335U/ 8GB/ 512GB SSD/14 inch FHD/Win11/ Silver/ Vỏ nhôm) - HÀNG CHÍNH HÃNG,images_png/laptop/278071899.png,Laptop Lenovo ThinkPad E14 Gen 7 21SX002QVA (Intel Core Ultra 5 225U | 16GB | 512GB | 14 inch WUXGA | Intel Graphics | NoOS | Đen) - HÀNG CHÍNH HÃNG,True
images_png/laptop/278226869.png,"Laptop Dell Inspiron 3530 71043887( Core i5-1334U| 8GB| 512GB SSD| Intel Iris Xe Graphics| 15.6"" FHD| Đen(Black)) - Hàng Chính Hãng - Bảo Hành Chính Hãng Tại Dell Việt Nam",images_png/speaker/108379905.png,Loa máy tính Game thủ LDK.ai RGB 2.1 LeeFei - Hàng chính hãng,False
images_png/phone/276944892.png,Điện Thoại Samsung Galaxy A06 4GB/64GB - Hàng Chính Hãng,images_png/phone/277704510.png,Điện Thoại Samsung Galaxy A26 5G 8GB/128GB - Hàng Chính Hãng,True
images_png/laptop/276366329.png,Laptop LG Gram 2024 17Z90S-G.AH78A5 (Intel Core Ultra 7 155H | 16GB | 1TB | Intel Arc | 17 inch WQXGA | Win 11 | Đen) - Hàng Chính Hãng - Bảo Hành 12 Tháng,images_png/speaker/277581685.png,"Bộ 3 Loa Máy Tính D222 Có Đèn LED, Âm Thanh 9D Chất Lượng Tốt, Nghe Nhạc Hay -  Hàng Nhập Khẩu",False
images_png/laptop/277672516.png,LAPTOP HP 240 G9 AG2J7AT( i5-1235U/ 16GD4 /512GSSD/ 14.0FHD/ WLax/ BT5/ 3C41WHr/W11SL/BẠC ) - HÀNG CHÍNH HÃNG,images_png/tv/73681047.png,Smart Tivi Casper HD 32 inch 32HX6200,False
images_png/phone/273990229.png,Điện Thoại Xiaomi Redmi Note 13 6GB/128GB - Hàng Chính Hãng,images_png/phone/277512611.png,Điện Thoại Samsung Galaxy A56 5G 8GB/128GB - Hàng Chính Hãng,True
images_png/camera/57071523.png,Camera wifi yoosee 3.0  2K siêu nét - camera ip yoosee 3 râu 3mp trong nhà - hàng nhập khẩu,images_png/tv/189176771.png,Google Tivi Coocaa 4K 55 Inch - Model 55Y72 - Hàng chính hãng,False
images_png/tv/275247634.png,Smart Tivi OLED LG 4K 55 inch OLED55B4PSA Mới 2024 - Hàng chính hãng - Giao HCM và 1 số tỉnh thành,images_png/tv/277972387.png,Smart Tivi Samsung 4K 55 inch UA55DU7000KXXV - Hàng chính hãng,False
images_png/phone/275913708.png,Điện thoại Itel it8010 4G - Hàng Chính Hãng,images_png/phone/277063012.png,"Điện thoại Samsung Galaxy S25, Điện thoại AI, Tìm kiếm thông minh, Video camera đêm Nightography, Chip Snapdragon - Đã kích hoạt bảo hành điện tử - Hàng Chính Hãng",False
images_png/tv/276032905.png,Smart Tivi Skyworth 43E5000G 43 inch 43E5000G - Hàng chính hãng,images_png/tv/49089541.png,Tivi LED Sharp HD 32 inch 2T-C32BD1X,False
images_png/phone/276448920.png,"Máy đọc sách Amazon Kindle Paperwhite 6 (Gen 12th), Mới nguyên Seal - Hàng chính hãng",images_png/phone/276539826.png,"Máy đọc sách New Kindle 2024, 16Gb Mới nguyên Seal - Hàng chính hãng",True
images_png/phone/277063012.png,"Điện thoại Samsung Galaxy S25, Điện thoại AI, Tìm kiếm thông minh, Video camera đêm Nightography, Chip Snapdragon - Đã kích hoạt bảo hành điện tử - Hàng Chính Hãng",images_png/phone/277065642.png,"Điện thoại Samsung Galaxy S25+, Điện thoại AI, Tìm kiếm thông minh, Video camera đêm Nightography, Chip Snapdragon - Hàng Chính Hãng",True
images_png/phone/277164948.png,Ốp Lưng Samsung Galaxy S25 Ultra Trong Suốt - Hàng chính hãng,images_png/tv/276621107.png,Smart Tivi Coocaa khung tranh QLED 4K 55 inch 55LN7000G - Hàng chính hãng,False
images_png/phone/278219968.png,Điện thoại OPPO A3 8GB/128GB - Hàng Chính Hãng,images_png/tv/276606449.png,Smart Tivi Coocaa 65Y73 Pro 4K QLED 65 inch - Hàng chính hãng,False
images_png/laptop/277361271.png,Laptop HP ProBook 450 G9 6M0Y5PA (i3 1215U/ 8GB/ 512GB SSD/15.6 inch/Win11/ Silver) - Hàng Chính Hãng,images_png/laptop/277363548.png,Laptop HP ProBook 440 G10 9H8U4PT (i5 1335U/ 8GB/ 512GB SSD/14 inch FHD/Win11/ Silver/ Vỏ nhôm) - HÀNG CHÍNH HÃNG,True
images_png/phone/276944868.png,Điện Thoại Samsung Galaxy A16 4GB/128GB - Hàng Chính Hãng,images_png/phone/277360579.png,Điện Thoại Xiaomi Redmi 13 8GB/128GB - Hàng Chính Hãng,True
images_png/phone/274405521.png,Điện Thoại Samsung Galaxy A05 4GB/64GB - Hàng Chính Hãng,images_png/phone/276274790.png,Điện Thoại Samsung Galaxy A06 4GB/128GB - Hàng Chính Hãng,True
images_png/camera/262792654.png,Camera Wifi Yoosee 2 Mắt Xem 2 Màn Hình Cùng Lúc Ngoài Trời - Hàng Nhập Khẩu,images_png/speaker/276075466.png,[NEW ARRIVAL] Loa Bluetooth Marshall Willen II Portable - Hàng chính hãng,False
images_png/laptop/214863343.png,(Hàng không quà tặng) Laptop LG Gram 2022 14ZD90Q-G.AX31A5-D (i3-1220P | 8GB | 256GB | Intel UHD Graphics | 14' WUXGA) Hàng chính hãng,images_png/speaker/95866327.png,Loa vi tính 2.0 SoundMax A140 Tổng Công Suất,False
images_png/tv/276860956.png,"Android Tivi LED Hisense 32 inch 32A4N trợ lý ảo Google Voice Control, bảo hành chính hãng 2 năm - Hàng Chính Hãng",images_png/tv/276931435.png,Tivi Android  LED Hisense 40 inch 40A4N - HÀNG CHÍNH HÃNG - CHỈ GIAO HCM,True
images_png/phone/270975124.png,Điện Thoại Oppo A58 6GB/128GB - Hàng Chính Hãng,images_png/phone/271128271.png,Điện Thoại Oppo A58 6GB/128GB - Hàng Chính Hãng,True
images_png/speaker/241638318.png,Loa Bluetooth Marshall Stanmore III - Hàng chính hãng,images_png/tv/275655645.png,K-65S30 - Google Tivi Sony 4K 65 inch K-65S30 - Hàng Chính Hãng - Chỉ Giao Hồ Chí Minh,False
images_png/camera/262792654.png,Camera Wifi Yoosee 2 Mắt Xem 2 Màn Hình Cùng Lúc Ngoài Trời - Hàng Nhập Khẩu,images_png/camera/270977170.png,"Camera Yoosee Wifi 2 Mắt Ngoài Trời 2 Màn Hình 5MP Xem Đêm Có Màu, Hỗ Trợ Đàm Thoại 2 Chiều Xoay 360 Độ - Hàng Nhập Khẩu",True
images_png/camera/269944956.png,"Camera IP Yoosee PTZ Ngoài Trời 2 Màn Hình 5MPX Xem Đêm Có Màu, Hỗ Trợ Đàm Thoại 2 Chiều Xoay 360 Độ - Hàng Chính Hãng",images_png/laptop/276026443.png,Lenovo Thinkpad T480 Core i7 8550U / RAM 16GB / SSD 256GB / Màn 14.0 inch FHD 1920x1080 - Hàng Chính Hãng,False
images_png/phone/276062770.png,Điện Thoại Xiaomi Redmi 14C 4GB/128GB - Hàng Chính Hãng,images_png/phone/277704510.png,Điện Thoại Samsung Galaxy A26 5G 8GB/128GB - Hàng Chính Hãng,True
images_png/camera/212934661.png,"Camera IP Wifi trong nhà EZVIZ C6N 4M 2K, xoay 360 độ ezviz C6N Full HD, đàm thoại 2 chiều - Hàng chính hãng",images_png/camera/274879959.png,Camera IP Wifi Trong Nhà EZVIZ C6N 1080p - Hàng Chính Hãng,True
images_png/laptop/214863390.png,Laptop LG Gram 2022 14ZD90Q-G.AX31A5 (i3-1220P | 8GB | 256GB | Intel UHD Graphics | 14' WUXGA 99% DCI-P3 | DOS) Hàng chính hãng,images_png/tv/72797571.png,Smart Tivi OLED LG 4K 65 inch OLED65GXPTA,False
images_png/laptop/277446629.png,Laptop Lenovo V14 Gen 4 IRU 83A000BEVN i5-13420H | 8GB | 512GB | 14' FHD | Win 11 - HÀNG CHÍNH HÃNG,images_png/laptop/277672516.png,LAPTOP HP 240 G9 AG2J7AT( i5-1235U/ 16GD4 /512GSSD/ 14.0FHD/ WLax/ BT5/ 3C41WHr/W11SL/BẠC ) - HÀNG CHÍNH HÃNG,True
images_png/phone/277512620.png,Điện Thoại Samsung Galaxy A36 5G 8GB/128GB - Hàng Chính Hãng,images_png/tv/275244561.png,Smart Tivi OLED LG 4K 77 inch OLED77C4PSA Mới 2024 - Hàng chính hãng - Giao HCM và 1 số tỉnh thành,False
images_png/laptop/277912717.png,Laptop Acer Aspire 7 A715-59G-73LB NH.QX6SV.002 (Intel Core i7-12650H | RTX 3050 6GB | 15.6 inch FHD IPS 144Hz | 16GB | 512GB | Win 11 | Đen) - HÀNG CHÍNH HÃNG,images_png/speaker/77712221.png,Loa Bluetooth speaker Loa di động chip DPS khuyếch đại âm thanh công suất lớn 50W Kết nối TWS lên 100W  Hàng Chính Hãng,False
images_png/laptop/277953961.png,"Laptop Dell Latitude 5500 Core i5-8350U, RAM 8GB, SSD 256GB - Hàng chính hãng",images_png/speaker/276386509.png,Loa vi tính soundbar Q2 cho máy tính laptop Hàng nhập khẩu,False
images_png/phone/273990229.png,Điện Thoại Xiaomi Redmi Note 13 6GB/128GB - Hàng Chính Hãng,images_png/phone/274405521.png,Điện Thoại Samsung Galaxy A05 4GB/64GB - Hàng Chính Hãng,True
images_png/laptop/278076593.png,Asus Vivobook 15 X1504VA-BQ2076W (Intel Core i5-1334U | 16GB | 512GB | Intel Iris Xe | 15.6 inch FHD IPS | Win 11 | Bạc) - HÀNG CHÍNH HÃNG,images_png/phone/277704510.png,Điện Thoại Samsung Galaxy A26 5G 8GB/128GB - Hàng Chính Hãng,False
images_png/phone/277737629.png,Điện Thoại Xiaomi Redmi 13 6GB/128GB - Hàng Chính Hãng,images_png/speaker/277820438.png,Loa Bluetooth JBL Charge 6 - Hàng chính hãng,False
images_png/laptop/277953961.png,"Laptop Dell Latitude 5500 Core i5-8350U, RAM 8GB, SSD 256GB - Hàng chính hãng",images_png/laptop/278454662.png,Laptop Lenovo ThinkPad E14 Gen 6 (21M7004XVA) | Ultra 7 155H | 16GB | 1TB | NPU 11 TOPS | 14 inch WUXGA | IPS | Hàng Chính Hãng,False
images_png/phone/274405521.png,Điện Thoại Samsung Galaxy A05 4GB/64GB - Hàng Chính Hãng,images_png/phone/277737595.png,Điện Thoại Samsung Galaxy A06 5G 4GB/128GB - Hàng Chính Hãng,True
images_png/camera/194121937.png,Camera IP Wifi Ngoài Trời EZVIZ C3TN 3MP 2K Color Night Vision Tích Hợp Ai - Có Màu Ban Đêm - Đàm Thoại 2 Chiều - Hàng Chính Hãng,images_png/camera/272268455.png,"Camera Wifi EZVIZ H3C 2MP Có Màu Ban Đêm, H3C 1080P Mic thu âm - Hàng Chính Hãng",True
images_png/tv/178058676.png,Google Tivi Sony 4K 43 inch KD-43X81DK - Model 2022,images_png/tv/277972475.png,Smart Tivi Samsung 4K 65 inch UA65DU7000KXXV - Hàng chính hãng,False
images_png/phone/276944868.png,Điện Thoại Samsung Galaxy A16 4GB/128GB - Hàng Chính Hãng,images_png/phone/277512620.png,Điện Thoại Samsung Galaxy A36 5G 8GB/128GB - Hàng Chính Hãng,True
images_png/phone/276281988.png,Điện thoại Samsung Galaxy A06 - Hàng chính hãng,images_png/phone/277651890.png,Điện thoại Samsung Galaxy A06 5G (4GB/128GB) - Hàng chính hãng,True
images_png/laptop/214863343.png,(Hàng không quà tặng) Laptop LG Gram 2022 14ZD90Q-G.AX31A5-D (i3-1220P | 8GB | 256GB | Intel UHD Graphics | 14' WUXGA) Hàng chính hãng,images_png/speaker/277420934.png,Loa kéo hát karaoke xách tay Bossinon N2294K - Công suất 600W- Hàng Chính Hãng,False
images_png/phone/276274790.png,Điện Thoại Samsung Galaxy A06 4GB/128GB - Hàng Chính Hãng,images_png/phone/277512620.png,Điện Thoại Samsung Galaxy A36 5G 8GB/128GB - Hàng Chính Hãng,True
images_png/phone/276274790.png,Điện Thoại Samsung Galaxy A06 4GB/128GB - Hàng Chính Hãng,images_png/phone/277737629.png,Điện Thoại Xiaomi Redmi 13 6GB/128GB - Hàng Chính Hãng,True
images_png/phone/276639232.png,Điện Thoại Samsung Galaxy A16 5G 8GB/128GB - Hàng Chính Hãng,images_png/phone/277512620.png,Điện Thoại Samsung Galaxy A36 5G 8GB/128GB - Hàng Chính Hãng,True
images_png/speaker/241635069.png,Loa Bluetooth Marshall Woburn III - Hàng chính hãng,images_png/speaker/270214387.png,Loa Bluetooth Marshall Middleton Portable - Hàng Chính Hãng (Cream),True
images_png/phone/164318603.png,Điện thoại bàn Panasonic KX-TGF310 hàng chính hãng,images_png/phone/277777809.png,"Điện thoại Samsung Galaxy A26 5G (8/128GB), Mặt lưng kính, AI-Circle to Search, Camera HDR chụp đêm sáng rõ - Hàng chính hãng",False
images_png/camera/203898270.png,CAMERA WIFI IMOU A22EP 1080P XOAY 360 ĐỘ - ĐÀM THOẠI 2 CHIỀU - HÀNG CHÍNH HÃNG,images_png/camera/263596152.png,Camera wifi trong nhà quay quét 3MP IMOU IPC-A32EP-L - Hàng chính hãng,True
images_png/laptop/278078317.png,Asus Vivobook S 14 Flip TP3402VA-LZ632W (Intel Core i5-13420H | 16GB | 512GB | Intel UHD | 14 inch WUXGA IPS | Win 11 | Bạc) - HÀNG CHÍNH HÃNG,images_png/tv/276860956.png,"Android Tivi LED Hisense 32 inch 32A4N trợ lý ảo Google Voice Control, bảo hành chính hãng 2 năm - Hàng Chính Hãng",False
images_png/speaker/95866327.png,Loa vi tính 2.0 SoundMax A140 Tổng Công Suất,images_png/tv/276861683.png,"Android Tivi LED Hisense 43 inch A4N Trợ Lý Ảo Google Voice Control, Bảo Hành 2 Năm - Hàng Chính Hãng",False
images_png/laptop/277446629.png,Laptop Lenovo V14 Gen 4 IRU 83A000BEVN i5-13420H | 8GB | 512GB | 14' FHD | Win 11 - HÀNG CHÍNH HÃNG,images_png/laptop/278071899.png,Laptop Lenovo ThinkPad E14 Gen 7 21SX002QVA (Intel Core Ultra 5 225U | 16GB | 512GB | 14 inch WUXGA | Intel Graphics | NoOS | Đen) - HÀNG CHÍNH HÃNG,True
images_png/laptop/278076593.png,Asus Vivobook 15 X1504VA-BQ2076W (Intel Core i5-1334U | 16GB | 512GB | Intel Iris Xe | 15.6 inch FHD IPS | Win 11 | Bạc) - HÀNG CHÍNH HÃNG,images_png/laptop/278078315.png,Asus Vivobook 15 X1504VA-NJ1969W (Intel Core i5-1334U | 16GB | 512GB | Intel Iris Xe | 15.6 inch FHD IPS | Win 11 | Bạc) - HÀNG CHÍNH HÃNG,True
images_png/camera/270977143.png,"Camera WiFi Yoosee 2 Mắt Ngoài Trời, Xem 2 Màn Hình Cùng Lúc, Giám Sát Ngoài Trời Chống Nước IP66 - Hàng nhập Khẩu",images_png/camera/270977170.png,"Camera Yoosee Wifi 2 Mắt Ngoài Trời 2 Màn Hình 5MP Xem Đêm Có Màu, Hỗ Trợ Đàm Thoại 2 Chiều Xoay 360 Độ - Hàng Nhập Khẩu",True
images_png/camera/222452404.png,1 Kg gói hút ẩm loại 10gr (100 gói) nhãn hiệu MAX DESI hàng chính hãng,images_png/speaker/275513834.png,Loa Bluetooth JBL Clip 5 - Hàng Chính Hãng,False
images_png/tv/275269812.png,Google Tivi Sony 4K 50 inch K-50S30 Mới 2024 - Hàng chính hãng - Giao HCM và 1 số tỉnh thành,images_png/tv/275603494.png,K-85S30 - Google Tivi Sony 4K 85 inch K-85S30 - Hàng Chính Hãng,True
images_png/camera/262792654.png,Camera Wifi Yoosee 2 Mắt Xem 2 Màn Hình Cùng Lúc Ngoài Trời - Hàng Nhập Khẩu,images_png/speaker/172369953.png,"Loa Bluetooth PKCB Bản Mở Rộng, chip DSP, Hỗ Trợ Kết Nối Bluetooth, USB, Thẻ Nhớ,  dây 3.5mm 100W TWS Âm Thanh Sống Động - Hàng chính hãng",False
images_png/speaker/276075423.png,[NEW ARRIVAL] Loa Bluetooth Marshall Emberton III Portable - Hàng chính hãng,images_png/speaker/276075466.png,[NEW ARRIVAL] Loa Bluetooth Marshall Willen II Portable - Hàng chính hãng,True
images_png/camera/154259057.png,"Camera IP WIFI IMOU RANGER A2 Full HD 1080P, phiên bản 2022 - Hàng Chính Hãng",images_png/camera/203898270.png,CAMERA WIFI IMOU A22EP 1080P XOAY 360 ĐỘ - ĐÀM THOẠI 2 CHIỀU - HÀNG CHÍNH HÃNG,True
images_png/camera/262792654.png,Camera Wifi Yoosee 2 Mắt Xem 2 Màn Hình Cùng Lúc Ngoài Trời - Hàng Nhập Khẩu,images_png/camera/269944956.png,"Camera IP Yoosee PTZ Ngoài Trời 2 Màn Hình 5MPX Xem Đêm Có Màu, Hỗ Trợ Đàm Thoại 2 Chiều Xoay 360 Độ - Hàng Chính Hãng",True
images_png/phone/274405521.png,Điện Thoại Samsung Galaxy A05 4GB/64GB - Hàng Chính Hãng,images_png/phone/277512620.png,Điện Thoại Samsung Galaxy A36 5G 8GB/128GB - Hàng Chính Hãng,True
images_png/laptop/276366329.png,Laptop LG Gram 2024 17Z90S-G.AH78A5 (Intel Core Ultra 7 155H | 16GB | 1TB | Intel Arc | 17 inch WQXGA | Win 11 | Đen) - Hàng Chính Hãng - Bảo Hành 12 Tháng,images_png/speaker/278067024.png,Loa bluetooth LG xboom Grab - Hàng chính hãng,False
images_png/laptop/277672516.png,LAPTOP HP 240 G9 AG2J7AT( i5-1235U/ 16GD4 /512GSSD/ 14.0FHD/ WLax/ BT5/ 3C41WHr/W11SL/BẠC ) - HÀNG CHÍNH HÃNG,images_png/laptop/277912853.png,Laptop Lenovo V15 Gen 4 ( 83A100RGVN ) | Grey | Intel Core i7-13620H | Ram 8GB | 512GB SSD | Intel UHD Graphics | 15.6 Inch FHD | No Os | 2Yrs - HÀNG CHÍNH HÃNG,True
images_png/laptop/276365829.png,Laptop Asus Vivobook Go 15 E1504FA-NJ454W (Ryzen 5 7520U | 16GB | 512GB | 15.6 inch FHD | AMD Radeon Graphics | Win 11 | Bạc) - HÀNG CHÍNH HÃNG,images_png/laptop/278078281.png,ASUS Vivobook X1404VA-NK394W (Intel Core i3-1315U | Intel UHD Graphics | 14 inch FHD | 8GB | 512GB | Win 11 Home | Bạc) - HÀNG CHÍNH HÃNG,True
images_png/camera/277381589.png,Camera WiFi quay quét EZVIZ H6C Pro 3K 5MP - hàng chính hãng,images_png/speaker/6610413.png,Đầu jack chuyển đổi âm thanh từ cổng 3.5mm cái sang cổng 6.5mm đực chính hãng UGREEN 20503 - Hàng chính hãng,False
images_png/phone/277065642.png,"Điện thoại Samsung Galaxy S25+, Điện thoại AI, Tìm kiếm thông minh, Video camera đêm Nightography, Chip Snapdragon - Hàng Chính Hãng",images_png/speaker/104180.png,Loa Vi Tính SoundMax A-130/2.0 6W,False
images_png/phone/277512611.png,Điện Thoại Samsung Galaxy A56 5G 8GB/128GB - Hàng Chính Hãng,images_png/phone/277737629.png,Điện Thoại Xiaomi Redmi 13 6GB/128GB - Hàng Chính Hãng,True
images_png/speaker/21430781.png,Máy trợ giảng SHIDU SD-S358 - Hàng Chính Hãng,images_png/speaker/73204703.png,"Máy trợ giảng không dây SHIDU kết nối bằng tần số cao cấp, mic trợ giảng cho giáo viên và hướng dẫn viên du lịch, loa trợ giảng cài áo tiện lợi, Hàng nhập khẩu",True
images_png/phone/277737595.png,Điện Thoại Samsung Galaxy A06 5G 4GB/128GB - Hàng Chính Hãng,images_png/phone/277737629.png,Điện Thoại Xiaomi Redmi 13 6GB/128GB - Hàng Chính Hãng,True
images_png/tv/277972387.png,Smart Tivi Samsung 4K 55 inch UA55DU7000KXXV - Hàng chính hãng,images_png/tv/277972475.png,Smart Tivi Samsung 4K 65 inch UA65DU7000KXXV - Hàng chính hãng,True
images_png/laptop/252566338.png,"Laptop Asus Vivobook 15 (X1504VA-NJ069W) / Bạc/ Intel Core i3-1315U Processor (upto 4.5Ghz, 10MB)/ RAM 8GB/ 512GB SSD/ Intel UHD Graphics/ 15.6inch FHD/ Win 11H/ 2Yrs - Hàng Chính Hãng",images_png/laptop/276365829.png,Laptop Asus Vivobook Go 15 E1504FA-NJ454W (Ryzen 5 7520U | 16GB | 512GB | 15.6 inch FHD | AMD Radeon Graphics | Win 11 | Bạc) - HÀNG CHÍNH HÃNG,True
images_png/phone/276802409.png,Điện thoại Samsung Galaxy A16 5G - Hàng chính hãng,images_png/phone/276925932.png,Điện thoại Samsung Galaxy A16 LTE - Hàng chính hãng,True
images_png/tv/274843351.png,Smart Tivi Samsung 4K 85 inch UA85DU8000 85DU8000 - Hàng chính hãng - Chỉ giao HCM,images_png/tv/276606449.png,Smart Tivi Coocaa 65Y73 Pro 4K QLED 65 inch - Hàng chính hãng,True
images_png/phone/276109904.png,Apple iPhone 16 Pro Max,images_png/phone/276110023.png,Apple iPhone 16 Pro,True
images_png/phone/276639232.png,Điện Thoại Samsung Galaxy A16 5G 8GB/128GB - Hàng Chính Hãng,images_png/phone/277311630.png,Điện Thoại Xiaomi Redmi 14C 6GB/128GB - Hàng Chính Hãng,True
images_png/phone/276944868.png,Điện Thoại Samsung Galaxy A16 4GB/128GB - Hàng Chính Hãng,images_png/phone/277737595.png,Điện Thoại Samsung Galaxy A06 5G 4GB/128GB - Hàng Chính Hãng,True
images_png/camera/41319582.png,Camera IP Wifi Trong Nhà EZVIZ C6N 1080p - Hàng Chính Hãng,images_png/speaker/76062253.png,Loa Nghe Nhạc Bluetooth Không Dây Mini LittleFUN - Hàng Chính Hãng,False
images_png/laptop/278226504.png,"Laptop Dell Inspiron 15 3530 N3530-i3U085W11SLU (Core i3-1305U| 8GB| 512GB SSD| 15.6"" FHD| Bạc) - Hàng Chính Hãng - Bảo Hành 12 Tháng Tại Dell Việt Nam",images_png/speaker/277582223.png,"Loa vi tính để bàn cho laptop, pc, điện thoại MÀU ĐEN - Hàng Nhập Khẩu",False
images_png/tv/275245427.png,Smart Tivi NanoCell LG 4K 43 inch 43NANO81TSA Mới 2024 - Hàng chính hãng - Giao HCM và 1 số tỉnh thành,images_png/tv/275803796.png,Smart Tivi NanoCell LG 4K 50 inch 50NANO81TSA - hàng chính hãng - chỉ giao tại HCM,True
images_png/phone/11251770.png,Điện thoại bàn không dây Panasonic KX-TGD310 - Hàng Chính Hãng,images_png/speaker/277327377.png,Loa hát karaoke xách tay Bossinon K100B- Hàng chính Hãng,False
images_png/phone/277175913.png,Điện Thoại Xiaomi Redmi Note 14 6GB/128GB - Hàng Chính Hãng,images_png/speaker/274046847.png,Loa Bluetooth Alpha Works W88 - Hàng Chính Hãng,False
images_png/phone/276944868.png,Điện Thoại Samsung Galaxy A16 4GB/128GB - Hàng Chính Hãng,images_png/phone/277737629.png,Điện Thoại Xiaomi Redmi 13 6GB/128GB - Hàng Chính Hãng,True
images_png/camera/57071523.png,Camera wifi yoosee 3.0  2K siêu nét - camera ip yoosee 3 râu 3mp trong nhà - hàng nhập khẩu,images_png/speaker/55508641.png,"Loa Bluetooth kèm pin sạc dự phòng Energizer BTS-103BK, Hỗ trợ chức năng Rảnh tay, FM, thẻ Micro SD, USB, AUX - Hàng chính hãng",False
images_png/speaker/276280160.png,"Loa Bluetooth di động Energizer BTS081BK, bảo hành 24 tháng 1 đổi 1 - Hàng chính hãng",images_png/tv/276412014.png,Google Tivi Aqua QLED 4K 50 inch AQT50S800UX - Freeship toàn quốc - Bảo hành 1 đổi 1 trong 730 ngày đối với lỗi màn hình - Hàng chính hãng,False
images_png/phone/273990229.png,Điện Thoại Xiaomi Redmi Note 13 6GB/128GB - Hàng Chính Hãng,images_png/phone/277311630.png,Điện Thoại Xiaomi Redmi 14C 6GB/128GB - Hàng Chính Hãng,True
images_png/tv/276921311.png,TIVI LED SKYWORTH HD 32 INCH  32E5000G - HÀNG CHÍNH HÃNG - CHỈ GIAO HCM,images_png/tv/277988926.png,Google Tivi Xiaomi A Pro 2026 QLED 4K 55 Inch L55MB-APSEA - Hàng chính hãng,False
images_png/phone/277356031.png,Điện thoại Xiaomi Redmi A3 - Hàng chính hãng,images_png/tv/275803796.png,Smart Tivi NanoCell LG 4K 50 inch 50NANO81TSA - hàng chính hãng - chỉ giao tại HCM,False
images_png/tv/278077327.png,Google Tivi Xiaomi A 2026 4K 43 inch L43MB-AUSEA - Hàng chính hãng,images_png/tv/278077419.png,Google Tivi Xiaomi A 2026 4K 55 inch L55MB-ASEA - Hàng chính hãng,True
images_png/camera/277417151.png,"Camera Yoosee Wifi Ngoài Trời 2 Mắt Xem Cùng Lúc, Góc rộng, Đàm Thoại, IP66 Chống Nước, Báo Động, Hàng Nhập Khẩu - Bảo Hành 12 Tháng",images_png/tv/275603494.png,K-85S30 - Google Tivi Sony 4K 85 inch K-85S30 - Hàng Chính Hãng,False
images_png/camera/272268455.png,"Camera Wifi EZVIZ H3C 2MP Có Màu Ban Đêm, H3C 1080P Mic thu âm - Hàng Chính Hãng",images_png/laptop/277937199.png,Dell Latitude 5320 Core I5 1135G7 8GB 256GB SSD 13.3 inch FHD - Hàng Chính Hãng,False
images_png/phone/276802409.png,Điện thoại Samsung Galaxy A16 5G - Hàng chính hãng,images_png/phone/277646748.png,Điện thoại Samsung Galaxy A06 5G (4GB/64GB) - Hàng chính hãng,True
images_png/camera/212934661.png,"Camera IP Wifi trong nhà EZVIZ C6N 4M 2K, xoay 360 độ ezviz C6N Full HD, đàm thoại 2 chiều - Hàng chính hãng",images_png/camera/270545009.png,Camera Yoosee WiFi 2 Mắt Ngoài Trời QPT36 Xem 2 Màn Hình Cùng Lúc 5.0Mpx Giám Sát Ngoài Trời Chống Nước IP66 - Hàng Chính Hãng,False
images_png/laptop/278226626.png,"Laptop Dell Inspiron 15 3520 N3520-i5U085W11SLU( Core i5-1235U| 8GB| 512GB SSD| 15.6"" FHD| Bạc) - Hàng Chính Hãng - Bảo Hành 12 Tháng Tại Dell Việt Nam",images_png/laptop/278304793.png,"Laptop Dell Inspiron 15 3520 71069202 ( Core i7-1255U| 16GB| 512GB SSD| Intel Iris Xe Graphics| 15.6"" FHD| Đen) - Hàng Chính Hãng - Bảo Hành 12 Tháng tại Dell Việt Nam",True
images_png/camera/274879959.png,Camera IP Wifi Trong Nhà EZVIZ C6N 1080p - Hàng Chính Hãng,images_png/phone/277063012.png,"Điện thoại Samsung Galaxy S25, Điện thoại AI, Tìm kiếm thông minh, Video camera đêm Nightography, Chip Snapdragon - Đã kích hoạt bảo hành điện tử - Hàng Chính Hãng",False
images_png/speaker/277421606.png,Loa kéo công suất lớn bass 50 đơn Bossinon W-AM5579AK- CÔNG SUẤT 1.200W- Hàng Chính Hãng,images_png/tv/276921311.png,TIVI LED SKYWORTH HD 32 INCH  32E5000G - HÀNG CHÍNH HÃNG - CHỈ GIAO HCM,False
images_png/tv/274843323.png,Smart Tivi Samsung 4K 65 inch UA65DU8000 65DU8000 - Hàng chính hãng - Chỉ giao HCM,images_png/tv/276606449.png,Smart Tivi Coocaa 65Y73 Pro 4K QLED 65 inch - Hàng chính hãng,True
images_png/laptop/273187662.png,Laptop Lenovo Thinkpad L480 - Intel Core i5 8250U / Ram 8Gb / ssd 256gb / Màn hình 14 inch / Hàng chính hãng,images_png/phone/270975124.png,Điện Thoại Oppo A58 6GB/128GB - Hàng Chính Hãng,False
images_png/speaker/241635069.png,Loa Bluetooth Marshall Woburn III - Hàng chính hãng,images_png/speaker/241638318.png,Loa Bluetooth Marshall Stanmore III - Hàng chính hãng,True
images_png/tv/178062046.png,Google Tivi Mini LED Sony 4K 65 inch XR-65X95K - Model 2022,images_png/tv/276379164.png,Android Tivi Aqua 43 inch AQT43K800UG - Hàng chính hãng - Bảo hành 1 đổi 1 trong 730 ngày đối với lỗi màn hình,False
images_png/phone/276944892.png,Điện Thoại Samsung Galaxy A06 4GB/64GB - Hàng Chính Hãng,images_png/phone/277944334.png,Điện Thoại Samsung Galaxy A06 5G 4GB/64GB - Hàng Chính Hãng,True
images_png/phone/277041250.png,Điện Thoại Xiaomi 14T Pro 5G 12GB/512GB - Hàng Chính Hãng,images_png/tv/276606018.png,Smart tivi 65 inch Qled 4K tivi Khung Tranh Google Frame tivi coocaa 65LN7000G - HÀNG CHÍNH HÃNG - CHỈ GIAO HCM,False
images_png/camera/274879959.png,Camera IP Wifi Trong Nhà EZVIZ C6N 1080p - Hàng Chính Hãng,images_png/camera/277381589.png,Camera WiFi quay quét EZVIZ H6C Pro 3K 5MP - hàng chính hãng,True
images_png/phone/276274790.png,Điện Thoại Samsung Galaxy A06 4GB/128GB - Hàng Chính Hãng,images_png/phone/276639232.png,Điện Thoại Samsung Galaxy A16 5G 8GB/128GB - Hàng Chính Hãng,True
images_png/phone/277512611.png,Điện Thoại Samsung Galaxy A56 5G 8GB/128GB - Hàng Chính Hãng,images_png/phone/277737595.png,Điện Thoại Samsung Galaxy A06 5G 4GB/128GB - Hàng Chính Hãng,True
images_png/phone/274405521.png,Điện Thoại Samsung Galaxy A05 4GB/64GB - Hàng Chính Hãng,images_png/phone/276944892.png,Điện Thoại Samsung Galaxy A06 4GB/64GB - Hàng Chính Hãng,True
images_png/tv/276921311.png,TIVI LED SKYWORTH HD 32 INCH  32E5000G - HÀNG CHÍNH HÃNG - CHỈ GIAO HCM,images_png/tv/277972387.png,Smart Tivi Samsung 4K 55 inch UA55DU7000KXXV - Hàng chính hãng,False
images_png/speaker/241635069.png,Loa Bluetooth Marshall Woburn III - Hàng chính hãng,images_png/speaker/77712221.png,Loa Bluetooth speaker Loa di động chip DPS khuyếch đại âm thanh công suất lớn 50W Kết nối TWS lên 100W  Hàng Chính Hãng,False
images_png/phone/277737595.png,Điện Thoại Samsung Galaxy A06 5G 4GB/128GB - Hàng Chính Hãng,images_png/phone/277944334.png,Điện Thoại Samsung Galaxy A06 5G 4GB/64GB - Hàng Chính Hãng,True
images_png/laptop/278227010.png,"Dell Inspiron 3530  71053696( Core i5-1334U| 16GB| 512GB SSD| Intel Iris Xe Graphics| 15.6"" FHD| Bạc (Platinum Silver)) - Hàng Chính Hãng- Bảo Hành 12 Tháng Tại Dell Việt Nam",images_png/laptop/278229740.png,"Laptop HP Envy X360 14-fc0161TU (Core Ultra 5-125U| 16GB RAM| 512GB SSD| Intel Graphics| 14""2.8K| Blue) - Hàng Chính Hãng",True
images_png/camera/262792654.png,Camera Wifi Yoosee 2 Mắt Xem 2 Màn Hình Cùng Lúc Ngoài Trời - Hàng Nhập Khẩu,images_png/camera/270977143.png,"Camera WiFi Yoosee 2 Mắt Ngoài Trời, Xem 2 Màn Hình Cùng Lúc, Giám Sát Ngoài Trời Chống Nước IP66 - Hàng nhập Khẩu",True
images_png/camera/194130039.png,Camera IP Wifi Ngoài Trời EZVIZ H3 5MP Độ Phân Giải 3K Siêu Nét Tích Hợp AI Nhận Diện Vẫy Tay Chào - Có Màu Ban Đêm - Đàm Thoại 2 Chiều - Hàng Chính Hãng,images_png/camera/272268455.png,"Camera Wifi EZVIZ H3C 2MP Có Màu Ban Đêm, H3C 1080P Mic thu âm - Hàng Chính Hãng",True
images_png/camera/275326681.png,ROGTZ - Camera nội soi P10 Chống nước IP68 Màn hình IPS 2.8 inch Đường kính camera 3.9mm Độ phân giải cao 1080p 8 đèn LED Đa ngôn ngữ  Pin lithium dung lượng cao 3.7V 2600mAh Nhà xưởng Y tế Cầm tay Ô tô Nhà cửa Hàng Chính Hãng,images_png/tv/275245427.png,Smart Tivi NanoCell LG 4K 43 inch 43NANO81TSA Mới 2024 - Hàng chính hãng - Giao HCM và 1 số tỉnh thành,False
images_png/phone/277360579.png,Điện Thoại Xiaomi Redmi 13 8GB/128GB - Hàng Chính Hãng,images_png/phone/277737629.png,Điện Thoại Xiaomi Redmi 13 6GB/128GB - Hàng Chính Hãng,True
images_png/phone/274405521.png,Điện Thoại Samsung Galaxy A05 4GB/64GB - Hàng Chính Hãng,images_png/phone/276639232.png,Điện Thoại Samsung Galaxy A16 5G 8GB/128GB - Hàng Chính Hãng,True
images_png/speaker/43851316.png,Loa bluetooth Karaoke Ruizu P88 hỗ trợ thẻ nhớ/USB/AUX/FM/jack 6.5mm - Tặng kèm micro karaoke (nhiều màu) Hàng Chính Hãng,images_png/tv/277971781.png,Google Tivi TCL 4K 43 Inch 43P755 - Hàng Chính Hãng,False
images_png/phone/276062770.png,Điện Thoại Xiaomi Redmi 14C 4GB/128GB - Hàng Chính Hãng,images_png/phone/277512620.png,Điện Thoại Samsung Galaxy A36 5G 8GB/128GB - Hàng Chính Hãng,True
images_png/tv/274843323.png,Smart Tivi Samsung 4K 65 inch UA65DU8000 65DU8000 - Hàng chính hãng - Chỉ giao HCM,images_png/tv/274877090.png,QLED Tivi 4K Samsung 85Q60DA 85 inch Smart TV QA85Q60DA QA85Q60D 85Q60D - Hàng chính hãng - Chỉ giao HCM,True
images_png/phone/276274790.png,Điện Thoại Samsung Galaxy A06 4GB/128GB - Hàng Chính Hãng,images_png/phone/277512611.png,Điện Thoại Samsung Galaxy A56 5G 8GB/128GB - Hàng Chính Hãng,True
images_png/phone/276944892.png,Điện Thoại Samsung Galaxy A06 4GB/64GB - Hàng Chính Hãng,images_png/phone/277311630.png,Điện Thoại Xiaomi Redmi 14C 6GB/128GB - Hàng Chính Hãng,True
images_png/laptop/275852844.png,Laptop HP Pavilion 15-eg3091TU 8C5L2PA (i7 1355U/ 16GB/ 512GB SSD/15.6 inch FHD/Win11/ Gold/ Vỏ nhôm) - Hàng Chính Hãng,images_png/tv/274870404.png,Smart Tivi QLED 4K Samsung 43Q60DA 43 inch Smart TV QA43Q60DA QA43Q60D 43Q60D - Hàng chính hãng - Chỉ giao HCM,False
images_png/phone/276274790.png,Điện Thoại Samsung Galaxy A06 4GB/128GB - Hàng Chính Hãng,images_png/phone/276944868.png,Điện Thoại Samsung Galaxy A16 4GB/128GB - Hàng Chính Hãng,True
images_png/phone/276046675.png,Điện Thoại Oppo A3 6GB/128GB - Hàng Chính Hãng,images_png/tv/277972387.png,Smart Tivi Samsung 4K 55 inch UA55DU7000KXXV - Hàng chính hãng,False
images_png/speaker/241638318.png,Loa Bluetooth Marshall Stanmore III - Hàng chính hãng,images_png/speaker/273602049.png,Loa Kéo Nanomax SK-15D2 Xám Bass 40cm Công Suất 550w Karaoke Bluetooth Hàng Chính Hãng,False
images_png/phone/277738691.png,Điện Thoại Oppo A58 8GB/128GB - Hàng Chính Hãng,images_png/tv/277972475.png,Smart Tivi Samsung 4K 65 inch UA65DU7000KXXV - Hàng chính hãng,False
images_png/laptop/252566338.png,"Laptop Asus Vivobook 15 (X1504VA-NJ069W) / Bạc/ Intel Core i3-1315U Processor (upto 4.5Ghz, 10MB)/ RAM 8GB/ 512GB SSD/ Intel UHD Graphics/ 15.6inch FHD/ Win 11H/ 2Yrs - Hàng Chính Hãng",images_png/laptop/278076593.png,Asus Vivobook 15 X1504VA-BQ2076W (Intel Core i5-1334U | 16GB | 512GB | Intel Iris Xe | 15.6 inch FHD IPS | Win 11 | Bạc) - HÀNG CHÍNH HÃNG,True
images_png/laptop/275850110.png,Laptop HP EliteBook 630 G10 9J0B3PT (i5 1335U/ 8GB/ 512GB SSD/13.3 inch FHD/Win11/ Silver/ Vỏ nhôm) - Hàng Chính Hãng,images_png/tv/92504473.png,ULED TIVI AKINO 55 inch TL-HU9 - android - Hàng Chính Hãng (Giao Hàng Toàn Quốc),False
images_png/phone/276614493.png,Điện Thoại Samsung Galaxy A16 LTE (4GB/128GB) - Đã kích hoạt bảo hành điện tử - Hàng Chính Hãng,images_png/phone/277164948.png,Ốp Lưng Samsung Galaxy S25 Ultra Trong Suốt - Hàng chính hãng,True
images_png/phone/274405521.png,Điện Thoại Samsung Galaxy A05 4GB/64GB - Hàng Chính Hãng,images_png/phone/277737629.png,Điện Thoại Xiaomi Redmi 13 6GB/128GB - Hàng Chính Hãng,True
images_png/tv/276268195.png,Smart Tivi Samsung 4K 65 Inch UA65DU7700 - HÀNG CHÍNH HÃNG - CHỈ GIAO HCM,images_png/tv/276412010.png,Google Tivi Aqua QLED 4K 50 inch AQT50S80EUX - Freeship toàn quốc - Bảo hành 1 đổi 1 trong 730 ngày đối với lỗi màn hình - Hàng chính hãng,False
images_png/phone/181452535.png,"Điện thoại Itel Magic X Pro 4G ,Kết nối WIFI,Chia sẻ WIFI cho máy khác - Hàng chính hãng",images_png/tv/275244939.png,Smart Tivi OLED LG 4K 55 inch OLED55C4PSA Mới 2024 - Hàng chính hãng - Giao HCM và 1 số tỉnh thành,False
images_png/laptop/273186974.png,Lenovo ThinkPad T460 Core i5 6200 / ram 8gb / ssd 256gb / Màn hình 14 inch- Hàng Chính Hãng,images_png/laptop/273187662.png,Laptop Lenovo Thinkpad L480 - Intel Core i5 8250U / Ram 8Gb / ssd 256gb / Màn hình 14 inch / Hàng chính hãng,True
images_png/laptop/278226869.png,"Laptop Dell Inspiron 3530 71043887( Core i5-1334U| 8GB| 512GB SSD| Intel Iris Xe Graphics| 15.6"" FHD| Đen(Black)) - Hàng Chính Hãng - Bảo Hành Chính Hãng Tại Dell Việt Nam",images_png/laptop/278227010.png,"Dell Inspiron 3530  71053696( Core i5-1334U| 16GB| 512GB SSD| Intel Iris Xe Graphics| 15.6"" FHD| Bạc (Platinum Silver)) - Hàng Chính Hãng- Bảo Hành 12 Tháng Tại Dell Việt Nam",True
images_png/phone/276281988.png,Điện thoại Samsung Galaxy A06 - Hàng chính hãng,images_png/tv/276861471.png,"Android Tivi LED Hisense 40 inch A4N trợ lý ảo Google Voice Control, bảo hành 2 năm - Hàng Chính Hãng",False
images_png/phone/274191773.png,"Điện thoại ZTE Libero 5G IV - 4GB/128GB Dimensity 700 , Kháng nước IP67 , Sạc nhanh 22,5W - Mới nguyên seal - Hàng nhập khẩu",images_png/tv/248237801.png,Android TV K-Elec Full HD 43LK885V - Hàng nhập khẩu,False
images_png/phone/276639232.png,Điện Thoại Samsung Galaxy A16 5G 8GB/128GB - Hàng Chính Hãng,images_png/phone/277360579.png,Điện Thoại Xiaomi Redmi 13 8GB/128GB - Hàng Chính Hãng,True
images_png/speaker/274704359.png,Loa máy trợ giảng không dây Aporo T18 Plus 2.4G Wifi Bluetooth 5.0 Hàng Chính Hãng (Lựa chọn thêm Hộp bảo vệ Aporo),images_png/tv/276931435.png,Tivi Android  LED Hisense 40 inch 40A4N - HÀNG CHÍNH HÃNG - CHỈ GIAO HCM,False
images_png/camera/277827436.png,Bộ chuyển đổi nguồn điện 220V sang 12V cổng ra tẩu điện trên ô tô,images_png/laptop/276365829.png,Laptop Asus Vivobook Go 15 E1504FA-NJ454W (Ryzen 5 7520U | 16GB | 512GB | 15.6 inch FHD | AMD Radeon Graphics | Win 11 | Bạc) - HÀNG CHÍNH HÃNG,False
images_png/phone/23142193.png,Điện thoại bàn không dây Panasonic KX-TGC313 - Hàng Chính Hãng,images_png/phone/276639232.png,Điện Thoại Samsung Galaxy A16 5G 8GB/128GB - Hàng Chính Hãng,False
images_png/camera/106641569.png,"Camera Wifi Trong Nhà Yoosee 3.0 Full HD, 3 Râu, Xoay 360 độ , Đàm Thoại 2 Chiều, Cảm Biến Báo Động – Hàng nhập khẩu",images_png/speaker/55508641.png,"Loa Bluetooth kèm pin sạc dự phòng Energizer BTS-103BK, Hỗ trợ chức năng Rảnh tay, FM, thẻ Micro SD, USB, AUX - Hàng chính hãng",False
images_png/laptop/277363552.png,MSI Gaming Thin 15 B13UCX-2080VN (i5 13420H/ 16GB/ 512GB SSD/ RTX 2050 4GB/ 15.6 inch FHD/ 144Hz/ Win11/ Gray/ 2Y/ Balo) - HÀNG CHÍNH HÃNG,images_png/phone/11251770.png,Điện thoại bàn không dây Panasonic KX-TGD310 - Hàng Chính Hãng,False
images_png/camera/271234773.png,"[[MẪU NÂNG CẤP] Camera Wi-fi EZVIZ H1C/C1HC Trong Nhà, FHD 1080P, Góc Rộng Cố Định, Đàm Thoại Hai Chiều, Nén Video H265 - Hàng Chính Hãng",images_png/phone/277360579.png,Điện Thoại Xiaomi Redmi 13 8GB/128GB - Hàng Chính Hãng,False
images_png/phone/274405521.png,Điện Thoại Samsung Galaxy A05 4GB/64GB - Hàng Chính Hãng,images_png/speaker/66758390.png,"Loa Bluetooth IPx56 Plus Bản Mở Rộng, chống nước, âm thanh Bass cực mạnh. Hỗ Trợ Kết Nối Bluetooth 5.0, Micro Nhiều Màu Sắc - Hàng chính hãng",False
images_png/camera/186103396.png,"Camera IMOU Cue 2, Camera Wifi độ phân giải 2 megapixel, đàm thoại 2 chiều, phát hiện người bằng AI thông minh - Hàng Chính Hãng",images_png/laptop/278229740.png,"Laptop HP Envy X360 14-fc0161TU (Core Ultra 5-125U| 16GB RAM| 512GB SSD| Intel Graphics| 14""2.8K| Blue) - Hàng Chính Hãng",False
images_png/phone/274405521.png,Điện Thoại Samsung Galaxy A05 4GB/64GB - Hàng Chính Hãng,images_png/phone/276944868.png,Điện Thoại Samsung Galaxy A16 4GB/128GB - Hàng Chính Hãng,True
images_png/phone/277311630.png,Điện Thoại Xiaomi Redmi 14C 6GB/128GB - Hàng Chính Hãng,images_png/phone/277944334.png,Điện Thoại Samsung Galaxy A06 5G 4GB/64GB - Hàng Chính Hãng,True
images_png/laptop/278304303.png,"Laptop Dell Inspiron 15 3520 71058652 ( i5-1235U| 8GB| 512GB SSD| 15.6"" FHD|  Bạc (Platinum Silver))  - Hàng Chính Hãng - Bảo Hành 12 Tháng tại Dell Việt Nam",images_png/phone/277311651.png,Điện Thoại Realme C65 6GB/128GB - Hàng Chính Hãng,False
images_png/phone/181452535.png,"Điện thoại Itel Magic X Pro 4G ,Kết nối WIFI,Chia sẻ WIFI cho máy khác - Hàng chính hãng",images_png/tv/275803796.png,Smart Tivi NanoCell LG 4K 50 inch 50NANO81TSA - hàng chính hãng - chỉ giao tại HCM,False
images_png/phone/276802409.png,Điện thoại Samsung Galaxy A16 5G - Hàng chính hãng,images_png/phone/277651890.png,Điện thoại Samsung Galaxy A06 5G (4GB/128GB) - Hàng chính hãng,True
images_png/camera/275856061.png,"Bộ dây đeo ngực 5 chi tiết cho máy quay hành động, smartphone 077, hàng chính hãng",images_png/tv/277972387.png,Smart Tivi Samsung 4K 55 inch UA55DU7000KXXV - Hàng chính hãng,False
images_png/phone/273990229.png,Điện Thoại Xiaomi Redmi Note 13 6GB/128GB - Hàng Chính Hãng,images_png/phone/277704510.png,Điện Thoại Samsung Galaxy A26 5G 8GB/128GB - Hàng Chính Hãng,True
images_png/phone/277707642.png,Điện thoại Samsung Galaxy A26 5G (8GB/128GB) - Hàng chính hãng,images_png/phone/277777809.png,"Điện thoại Samsung Galaxy A26 5G (8/128GB), Mặt lưng kính, AI-Circle to Search, Camera HDR chụp đêm sáng rõ - Hàng chính hãng",True
images_png/laptop/277361271.png,Laptop HP ProBook 450 G9 6M0Y5PA (i3 1215U/ 8GB/ 512GB SSD/15.6 inch/Win11/ Silver) - Hàng Chính Hãng,images_png/laptop/278071899.png,Laptop Lenovo ThinkPad E14 Gen 7 21SX002QVA (Intel Core Ultra 5 225U | 16GB | 512GB | 14 inch WUXGA | Intel Graphics | NoOS | Đen) - HÀNG CHÍNH HÃNG,True
images_png/laptop/214863371.png,Laptop LG Gram 2022 14Z90Q-G.AJ32A5 (i3-1220P | 8GB | 256GB | Intel UHD Graphics | 14' WUXGA 99% DCI-P3 | Win 11) Hàng chính hãng,images_png/phone/277512620.png,Điện Thoại Samsung Galaxy A36 5G 8GB/128GB - Hàng Chính Hãng,False
images_png/phone/276281988.png,Điện thoại Samsung Galaxy A06 - Hàng chính hãng,images_png/phone/276925932.png,Điện thoại Samsung Galaxy A16 LTE - Hàng chính hãng,True
images_png/laptop/278226626.png,"Laptop Dell Inspiron 15 3520 N3520-i5U085W11SLU( Core i5-1235U| 8GB| 512GB SSD| 15.6"" FHD| Bạc) - Hàng Chính Hãng - Bảo Hành 12 Tháng Tại Dell Việt Nam",images_png/laptop/278226869.png,"Laptop Dell Inspiron 3530 71043887( Core i5-1334U| 8GB| 512GB SSD| Intel Iris Xe Graphics| 15.6"" FHD| Đen(Black)) - Hàng Chính Hãng - Bảo Hành Chính Hãng Tại Dell Việt Nam",True
images_png/camera/263987622.png,Camera Wifi TP-Link Tapo C200 / C210 Smart IR Full HD 1080P - Hàng Chính Hãng,images_png/camera/270977143.png,"Camera WiFi Yoosee 2 Mắt Ngoài Trời, Xem 2 Màn Hình Cùng Lúc, Giám Sát Ngoài Trời Chống Nước IP66 - Hàng nhập Khẩu",False
images_png/laptop/277945130.png,"Dell Precision 5540 Core i9 Ram 16gb, SSD NVME 512gb Card T2000 15.6inch IPS - Hàng Chính Hãng",images_png/phone/277811118.png,Điện Thoại Xiaomi Redmi Note 14 5G 8GB/256GB - Hàng Chính Hãng,False
images_png/camera/194067352.png,Camera Wifi Trong Nhà EZVIZ C6N 2M FHD 1080P Quay 355 độ - Đàm thoại 2 chiều - Hàng Chính Hãng,images_png/camera/274184765.png,"Camera Wifi Ezviz 2 Mắt Trong Nhà H7C 2K 8MP, quay 360 độ, có màu ban đêm, đàm thoại 2 chiều - Hàng chính hãng",True
images_png/laptop/278226869.png,"Laptop Dell Inspiron 3530 71043887( Core i5-1334U| 8GB| 512GB SSD| Intel Iris Xe Graphics| 15.6"" FHD| Đen(Black)) - Hàng Chính Hãng - Bảo Hành Chính Hãng Tại Dell Việt Nam",images_png/phone/276046675.png,Điện Thoại Oppo A3 6GB/128GB - Hàng Chính Hãng,False
images_png/phone/271128271.png,Điện Thoại Oppo A58 6GB/128GB - Hàng Chính Hãng,images_png/phone/275510578.png,Điện thoại OPPO A79 5G (8GB/256GB) - Hàng Chính Hãng,True
images_png/laptop/277361271.png,Laptop HP ProBook 450 G9 6M0Y5PA (i3 1215U/ 8GB/ 512GB SSD/15.6 inch/Win11/ Silver) - Hàng Chính Hãng,images_png/laptop/277912853.png,Laptop Lenovo V15 Gen 4 ( 83A100RGVN ) | Grey | Intel Core i7-13620H | Ram 8GB | 512GB SSD | Intel UHD Graphics | 15.6 Inch FHD | No Os | 2Yrs - HÀNG CHÍNH HÃNG,True
images_png/camera/154259057.png,"Camera IP WIFI IMOU RANGER A2 Full HD 1080P, phiên bản 2022 - Hàng Chính Hãng",images_png/camera/277965399.png,"Máy Chụp Ảnh Mini Kèm Thẻ 512G T Retro Kỹ Thuật Số CCD 4K Cho Học Sinh – Nhỏ Gọn, Thời Trang, Chụp Siêu Nét- HÀNG CHÍNH HÃNG MINIIN",False
images_png/tv/275602959.png,K-65XR80 - Google Tivi OLED Sony 4K 65 inch K-65XR80 - Hàng Chính Hãng,images_png/tv/277976029.png,Google Tivi QLED TCL Full HD 43 inch 43S5K - Hàng chính hãng,False
images_png/phone/276062770.png,Điện Thoại Xiaomi Redmi 14C 4GB/128GB - Hàng Chính Hãng,images_png/phone/277737595.png,Điện Thoại Samsung Galaxy A06 5G 4GB/128GB - Hàng Chính Hãng,True
images_png/camera/269944956.png,"Camera IP Yoosee PTZ Ngoài Trời 2 Màn Hình 5MPX Xem Đêm Có Màu, Hỗ Trợ Đàm Thoại 2 Chiều Xoay 360 Độ - Hàng Chính Hãng",images_png/camera/270977143.png,"Camera WiFi Yoosee 2 Mắt Ngoài Trời, Xem 2 Màn Hình Cùng Lúc, Giám Sát Ngoài Trời Chống Nước IP66 - Hàng nhập Khẩu",True
images_png/laptop/252566338.png,"Laptop Asus Vivobook 15 (X1504VA-NJ069W) / Bạc/ Intel Core i3-1315U Processor (upto 4.5Ghz, 10MB)/ RAM 8GB/ 512GB SSD/ Intel UHD Graphics/ 15.6inch FHD/ Win 11H/ 2Yrs - Hàng Chính Hãng",images_png/laptop/278078315.png,Asus Vivobook 15 X1504VA-NJ1969W (Intel Core i5-1334U | 16GB | 512GB | Intel Iris Xe | 15.6 inch FHD IPS | Win 11 | Bạc) - HÀNG CHÍNH HÃNG,True
images_png/phone/276062770.png,Điện Thoại Xiaomi Redmi 14C 4GB/128GB - Hàng Chính Hãng,images_png/phone/277944334.png,Điện Thoại Samsung Galaxy A06 5G 4GB/64GB - Hàng Chính Hãng,True
images_png/laptop/278078281.png,ASUS Vivobook X1404VA-NK394W (Intel Core i3-1315U | Intel UHD Graphics | 14 inch FHD | 8GB | 512GB | Win 11 Home | Bạc) - HÀNG CHÍNH HÃNG,images_png/laptop/278078315.png,Asus Vivobook 15 X1504VA-NJ1969W (Intel Core i5-1334U | 16GB | 512GB | Intel Iris Xe | 15.6 inch FHD IPS | Win 11 | Bạc) - HÀNG CHÍNH HÃNG,True
images_png/phone/277811118.png,Điện Thoại Xiaomi Redmi Note 14 5G 8GB/256GB - Hàng Chính Hãng,images_png/speaker/50322624.png,Loa Bluetooth Không Dây Hoco BS33 - Hàng chính Hãng,False
images_png/camera/272030250.png,"(Mẫu 2024) Camera 4G Yoosee 2 MẮT XEM 2 MÀN HÌNH 5.0MPX xoay 360 độ, xem đêm có màu, hỗ trợ đàm thoại 2 chiều - hàng chính hãng",images_png/speaker/241638318.png,Loa Bluetooth Marshall Stanmore III - Hàng chính hãng,False
images_png/phone/276515327.png,Điện thoại POCO C75 (6GB/128GB) - Hàng Chính Hãng,images_png/tv/253502839.png,Smart Tivi LG 75UR7550PSC 4K 75 Inch - HÀNG CHÍNH HÃNG - CHỈ GIAO HCM ,False
images_png/camera/262792654.png,Camera Wifi Yoosee 2 Mắt Xem 2 Màn Hình Cùng Lúc Ngoài Trời - Hàng Nhập Khẩu,images_png/camera/273932705.png,"(MẪU MỚI) CAMERA YOOSEE BÓNG ĐÈN 2 MẮT QS211 FHD XEM 2 KHUNG HÌNH, HÌNH ẢNH SẮC NÉT, QUAY ĐÊM CÓ MÀU - HÀNG CHÍNH HÃNG",False
images_png/speaker/276253314.png,Máy trợ giảng không đây Aporo  T20 UHF2.4G hàng chính hãng cho giáo viên,images_png/tv/274843323.png,Smart Tivi Samsung 4K 65 inch UA65DU8000 65DU8000 - Hàng chính hãng - Chỉ giao HCM,False
images_png/phone/270975124.png,Điện Thoại Oppo A58 6GB/128GB - Hàng Chính Hãng,images_png/phone/277944334.png,Điện Thoại Samsung Galaxy A06 5G 4GB/64GB - Hàng Chính Hãng,False
images_png/laptop/278226626.png,"Laptop Dell Inspiron 15 3520 N3520-i5U085W11SLU( Core i5-1235U| 8GB| 512GB SSD| 15.6"" FHD| Bạc) - Hàng Chính Hãng - Bảo Hành 12 Tháng Tại Dell Việt Nam",images_png/laptop/278229740.png,"Laptop HP Envy X360 14-fc0161TU (Core Ultra 5-125U| 16GB RAM| 512GB SSD| Intel Graphics| 14""2.8K| Blue) - Hàng Chính Hãng",True
images_png/laptop/278078281.png,ASUS Vivobook X1404VA-NK394W (Intel Core i3-1315U | Intel UHD Graphics | 14 inch FHD | 8GB | 512GB | Win 11 Home | Bạc) - HÀNG CHÍNH HÃNG,images_png/tv/276389560.png,Smart TV Full HD Coocaa 43 Inch 43S3U+ - Hàng Chính Hãng,False
images_png/camera/277965399.png,"Máy Chụp Ảnh Mini Kèm Thẻ 512G T Retro Kỹ Thuật Số CCD 4K Cho Học Sinh – Nhỏ Gọn, Thời Trang, Chụp Siêu Nét- HÀNG CHÍNH HÃNG MINIIN",images_png/tv/275194363.png,Smart TV HD Coocaa 32 Inch Wifi - Model 32S3U+ - Hàng Chính Hãng,False
images_png/laptop/275854386.png,Laptop HP 15 fd1045TU 9Z2X1PA (Core 5 120U/ 16GB/ 512GB SSD/ 15.6 inch FHD/ Win11/ Bạc) - Hàng Chính Hãng,images_png/phone/277063012.png,"Điện thoại Samsung Galaxy S25, Điện thoại AI, Tìm kiếm thông minh, Video camera đêm Nightography, Chip Snapdragon - Đã kích hoạt bảo hành điện tử - Hàng Chính Hãng",False
images_png/phone/273990229.png,Điện Thoại Xiaomi Redmi Note 13 6GB/128GB - Hàng Chính Hãng,images_png/phone/277512620.png,Điện Thoại Samsung Galaxy A36 5G 8GB/128GB - Hàng Chính Hãng,True
images_png/laptop/277953961.png,"Laptop Dell Latitude 5500 Core i5-8350U, RAM 8GB, SSD 256GB - Hàng chính hãng",images_png/laptop/278304303.png,"Laptop Dell Inspiron 15 3520 71058652 ( i5-1235U| 8GB| 512GB SSD| 15.6"" FHD|  Bạc (Platinum Silver))  - Hàng Chính Hãng - Bảo Hành 12 Tháng tại Dell Việt Nam",False
images_png/phone/277704510.png,Điện Thoại Samsung Galaxy A26 5G 8GB/128GB - Hàng Chính Hãng,images_png/phone/277737595.png,Điện Thoại Samsung Galaxy A06 5G 4GB/128GB - Hàng Chính Hãng,True
images_png/laptop/275854376.png,Laptop HP 15 fd1043TU 9Z2W9PA (Core 5 120U/ 16GB/ 1TB SSD/ 15.6 inch FHD/ Win11/ Bạc) - Hàng Chính Hãng,images_png/speaker/277420934.png,Loa kéo hát karaoke xách tay Bossinon N2294K - Công suất 600W- Hàng Chính Hãng,False
images_png/phone/276062770.png,Điện Thoại Xiaomi Redmi 14C 4GB/128GB - Hàng Chính Hãng,images_png/phone/276944892.png,Điện Thoại Samsung Galaxy A06 4GB/64GB - Hàng Chính Hãng,True
images_png/laptop/278226869.png,"Laptop Dell Inspiron 3530 71043887( Core i5-1334U| 8GB| 512GB SSD| Intel Iris Xe Graphics| 15.6"" FHD| Đen(Black)) - Hàng Chính Hãng - Bảo Hành Chính Hãng Tại Dell Việt Nam",images_png/laptop/278304303.png,"Laptop Dell Inspiron 15 3520 71058652 ( i5-1235U| 8GB| 512GB SSD| 15.6"" FHD|  Bạc (Platinum Silver))  - Hàng Chính Hãng - Bảo Hành 12 Tháng tại Dell Việt Nam",True
images_png/tv/277976029.png,Google Tivi QLED TCL Full HD 43 inch 43S5K - Hàng chính hãng,images_png/tv/277989480.png,Google Tivi TCL QLED Full HD 32 Inch 32S5K - Hàng chính hãng,True
images_png/camera/212934661.png,"Camera IP Wifi trong nhà EZVIZ C6N 4M 2K, xoay 360 độ ezviz C6N Full HD, đàm thoại 2 chiều - Hàng chính hãng",images_png/tv/275270303.png,Google Tivi Sony 4K 65 inch K-65S30 Mới 2024 - Hàng chính hãng - Giao HCM và 1 số tỉnh thành,False
images_png/camera/85764360.png,Camera Wifi TP-Link Tapo C310 3MP An Ninh Ngoài Trời - Hàng Chính Hãng,images_png/phone/164318603.png,Điện thoại bàn Panasonic KX-TGF310 hàng chính hãng,False
images_png/phone/275510578.png,Điện thoại OPPO A79 5G (8GB/256GB) - Hàng Chính Hãng,images_png/phone/277311630.png,Điện Thoại Xiaomi Redmi 14C 6GB/128GB - Hàng Chính Hãng,False
images_png/camera/272268455.png,"Camera Wifi EZVIZ H3C 2MP Có Màu Ban Đêm, H3C 1080P Mic thu âm - Hàng Chính Hãng",images_png/speaker/277468981.png,"Loa Bluetooth Mini Karaoke Không Dây, Kèm 2 Mic, Âm Thanh Sống Động, Đèn LED 16 Màu - HÀNG CHÍNH HÃNG MINIIN",False
images_png/laptop/277912715.png,Laptop Acer Aspire 7 A715-59G-57TU NH.QX6SV.001 (Intel Core i5-12450H | RTX 3050 | 15.6 inch FHD | 16GB | 512GB | Win 11 | Đen) - HÀNG CHÍNH HÃNG,images_png/laptop/277912717.png,Laptop Acer Aspire 7 A715-59G-73LB NH.QX6SV.002 (Intel Core i7-12650H | RTX 3050 6GB | 15.6 inch FHD IPS 144Hz | 16GB | 512GB | Win 11 | Đen) - HÀNG CHÍNH HÃNG,True
images_png/phone/270975124.png,Điện Thoại Oppo A58 6GB/128GB - Hàng Chính Hãng,images_png/phone/275510578.png,Điện thoại OPPO A79 5G (8GB/256GB) - Hàng Chính Hãng,True
images_png/speaker/2013189.png,Máy Nghe Nhạc MP3 Ruizu X02 8GB - Hàng Chính Hãng,images_png/speaker/21430781.png,Máy trợ giảng SHIDU SD-S358 - Hàng Chính Hãng,False
images_png/phone/277164932.png,Ốp Lưng Samsung Galaxy S25 Trong Suốt - Hàng chính hãng,images_png/phone/277164948.png,Ốp Lưng Samsung Galaxy S25 Ultra Trong Suốt - Hàng chính hãng,True
images_png/tv/277989480.png,Google Tivi TCL QLED Full HD 32 Inch 32S5K - Hàng chính hãng,images_png/tv/73681047.png,Smart Tivi Casper HD 32 inch 32HX6200,False
images_png/camera/14585382.png,Gói hút ẩm Secco - Hàng chính hãng,images_png/tv/275194363.png,Smart TV HD Coocaa 32 Inch Wifi - Model 32S3U+ - Hàng Chính Hãng,False
images_png/laptop/277466579.png,[Laptop I5-13420H] Laptop Asus Expertbook P1403CVA (Intel Core i5-13420H | 14 inch FHD IPS | RAM 16GB | SSD 512GB | Win bản quyền),images_png/speaker/196854332.png,Loa bluetooth hệ thống loa kép hỗ trợ TWS cho điện thoại laptop Hoco HC3 - hàng chính hãng,False
images_png/phone/11251770.png,Điện thoại bàn không dây Panasonic KX-TGD310 - Hàng Chính Hãng,images_png/phone/181927774.png,Điện thoại bàn Panasonic KX-TGD310 hàng chính hãng,True
images_png/phone/276944892.png,Điện Thoại Samsung Galaxy A06 4GB/64GB - Hàng Chính Hãng,images_png/phone/277737629.png,Điện Thoại Xiaomi Redmi 13 6GB/128GB - Hàng Chính Hãng,True
images_png/camera/275815779.png,Camera hành trình SJCAM C110 Plus bản 2024 - Actioncam C110+ 4K Wifi chống rung kép camera mini - Hàng nhập khẩu,images_png/phone/277164948.png,Ốp Lưng Samsung Galaxy S25 Ultra Trong Suốt - Hàng chính hãng,False
images_png/camera/242482796.png,Camera Yoosee PT năng lượng mặt trời CG19-46 (Solar PT Camera 4.0MPx) - Hàng chính hãng,images_png/camera/270977170.png,"Camera Yoosee Wifi 2 Mắt Ngoài Trời 2 Màn Hình 5MP Xem Đêm Có Màu, Hỗ Trợ Đàm Thoại 2 Chiều Xoay 360 Độ - Hàng Nhập Khẩu",False
images_png/camera/269944956.png,"Camera IP Yoosee PTZ Ngoài Trời 2 Màn Hình 5MPX Xem Đêm Có Màu, Hỗ Trợ Đàm Thoại 2 Chiều Xoay 360 Độ - Hàng Chính Hãng",images_png/camera/270977170.png,"Camera Yoosee Wifi 2 Mắt Ngoài Trời 2 Màn Hình 5MP Xem Đêm Có Màu, Hỗ Trợ Đàm Thoại 2 Chiều Xoay 360 Độ - Hàng Nhập Khẩu",True
images_png/camera/129078637.png,Combo Camera Wi-fi Trong Nhà EZVIZ C1C-B 2MP Kèm Thẻ Nhớ  32GB/64G - Hàng Chính Hãng,images_png/tv/276387015.png,Smart Tivi OLED LG 4K 55 inch 55G4PSA Mẫu mới - HÀNG CHÍNH HÃNG - CHỈ GIAO HCM,False
images_png/phone/277737629.png,Điện Thoại Xiaomi Redmi 13 6GB/128GB - Hàng Chính Hãng,images_png/phone/277944334.png,Điện Thoại Samsung Galaxy A06 5G 4GB/64GB - Hàng Chính Hãng,True
images_png/camera/99350407.png,Camera IP WiFi EZVIZ CS - C1C - 2MP,images_png/laptop/252566338.png,"Laptop Asus Vivobook 15 (X1504VA-NJ069W) / Bạc/ Intel Core i3-1315U Processor (upto 4.5Ghz, 10MB)/ RAM 8GB/ 512GB SSD/ Intel UHD Graphics/ 15.6inch FHD/ Win 11H/ 2Yrs - Hàng Chính Hãng",False
images_png/phone/276944868.png,Điện Thoại Samsung Galaxy A16 4GB/128GB - Hàng Chính Hãng,images_png/phone/277944334.png,Điện Thoại Samsung Galaxy A06 5G 4GB/64GB - Hàng Chính Hãng,True
images_png/phone/277063012.png,"Điện thoại Samsung Galaxy S25, Điện thoại AI, Tìm kiếm thông minh, Video camera đêm Nightography, Chip Snapdragon - Đã kích hoạt bảo hành điện tử - Hàng Chính Hãng",images_png/speaker/2013189.png,Máy Nghe Nhạc MP3 Ruizu X02 8GB - Hàng Chính Hãng,False
images_png/laptop/277361271.png,Laptop HP ProBook 450 G9 6M0Y5PA (i3 1215U/ 8GB/ 512GB SSD/15.6 inch/Win11/ Silver) - Hàng Chính Hãng,images_png/laptop/277446629.png,Laptop Lenovo V14 Gen 4 IRU 83A000BEVN i5-13420H | 8GB | 512GB | 14' FHD | Win 11 - HÀNG CHÍNH HÃNG,True
images_png/speaker/95866327.png,Loa vi tính 2.0 SoundMax A140 Tổng Công Suất,images_png/tv/274870404.png,Smart Tivi QLED 4K Samsung 43Q60DA 43 inch Smart TV QA43Q60DA QA43Q60D 43Q60D - Hàng chính hãng - Chỉ giao HCM,False
images_png/tv/275244939.png,Smart Tivi OLED LG 4K 55 inch OLED55C4PSA Mới 2024 - Hàng chính hãng - Giao HCM và 1 số tỉnh thành,images_png/tv/276387015.png,Smart Tivi OLED LG 4K 55 inch 55G4PSA Mẫu mới - HÀNG CHÍNH HÃNG - CHỈ GIAO HCM,True
images_png/phone/276281988.png,Điện thoại Samsung Galaxy A06 - Hàng chính hãng,images_png/phone/276802409.png,Điện thoại Samsung Galaxy A16 5G - Hàng chính hãng,True
images_png/tv/275244939.png,Smart Tivi OLED LG 4K 55 inch OLED55C4PSA Mới 2024 - Hàng chính hãng - Giao HCM và 1 số tỉnh thành,images_png/tv/276621654.png,Smart Tivi OLED LG 4K 65 Inch 65M4PSA - Hàng chính hãng,True
images_png/laptop/252566338.png,"Laptop Asus Vivobook 15 (X1504VA-NJ069W) / Bạc/ Intel Core i3-1315U Processor (upto 4.5Ghz, 10MB)/ RAM 8GB/ 512GB SSD/ Intel UHD Graphics/ 15.6inch FHD/ Win 11H/ 2Yrs - Hàng Chính Hãng",images_png/speaker/171232872.png,"Loa vi tính Q9 Sound Bar HD Led RGB cho máy tính, laptop, điện thoại, máy tính bảng hàng nhập khẩu",False
images_png/phone/276639232.png,Điện Thoại Samsung Galaxy A16 5G 8GB/128GB - Hàng Chính Hãng,images_png/phone/277737629.png,Điện Thoại Xiaomi Redmi 13 6GB/128GB - Hàng Chính Hãng,True
images_png/phone/276274790.png,Điện Thoại Samsung Galaxy A06 4GB/128GB - Hàng Chính Hãng,images_png/tv/275135940.png,Ti vi smart COOCAA 43S3U-HÀNG CHÍNH HÃNG,False
images_png/tv/274843351.png,Smart Tivi Samsung 4K 85 inch UA85DU8000 85DU8000 - Hàng chính hãng - Chỉ giao HCM,images_png/tv/274877090.png,QLED Tivi 4K Samsung 85Q60DA 85 inch Smart TV QA85Q60DA QA85Q60D 85Q60D - Hàng chính hãng - Chỉ giao HCM,True
images_png/camera/275938579.png,"Camera trong nhà TP-Link Tapo TC60 - Full HD, Đàm thoại 2 chiều, Phát hiện chuyển động - HÀNG CHÍNH HÃNG",images_png/phone/276944892.png,Điện Thoại Samsung Galaxy A06 4GB/64GB - Hàng Chính Hãng,False
images_png/phone/201067649.png,Combo máy đọc sách Kindle Paperwhite 5 (11th gen) tặng kèm bao da ( Cover ) - Hàng nhập khẩu,images_png/phone/252586291.png,Máy đọc sách All New Kindle Paperwhite 5 (11th Gen) - Hàng chính hãng,True
images_png/tv/276606018.png,Smart tivi 65 inch Qled 4K tivi Khung Tranh Google Frame tivi coocaa 65LN7000G - HÀNG CHÍNH HÃNG - CHỈ GIAO HCM,images_png/tv/276621107.png,Smart Tivi Coocaa khung tranh QLED 4K 55 inch 55LN7000G - Hàng chính hãng,True
images_png/phone/270975124.png,Điện Thoại Oppo A58 6GB/128GB - Hàng Chính Hãng,images_png/tv/275244939.png,Smart Tivi OLED LG 4K 55 inch OLED55C4PSA Mới 2024 - Hàng chính hãng - Giao HCM và 1 số tỉnh thành,False
images_png/camera/270977103.png,"CAMERA Yoosee 2 MẮT TRONG NHÀ 4MP KẾT NỐI WIFI, XOAY 360 ĐỘ, ĐÀM THOẠI 2 CHIỀU - Hàng Chính Hãng",images_png/tv/278077419.png,Google Tivi Xiaomi A 2026 4K 55 inch L55MB-ASEA - Hàng chính hãng,False
images_png/camera/270977103.png,"CAMERA Yoosee 2 MẮT TRONG NHÀ 4MP KẾT NỐI WIFI, XOAY 360 ĐỘ, ĐÀM THOẠI 2 CHIỀU - Hàng Chính Hãng",images_png/laptop/278078315.png,Asus Vivobook 15 X1504VA-NJ1969W (Intel Core i5-1334U | 16GB | 512GB | Intel Iris Xe | 15.6 inch FHD IPS | Win 11 | Bạc) - HÀNG CHÍNH HÃNG,False
images_png/tv/276861471.png,"Android Tivi LED Hisense 40 inch A4N trợ lý ảo Google Voice Control, bảo hành 2 năm - Hàng Chính Hãng",images_png/tv/276861683.png,"Android Tivi LED Hisense 43 inch A4N Trợ Lý Ảo Google Voice Control, Bảo Hành 2 Năm - Hàng Chính Hãng",True
images_png/camera/222452404.png,1 Kg gói hút ẩm loại 10gr (100 gói) nhãn hiệu MAX DESI hàng chính hãng,images_png/laptop/277672516.png,LAPTOP HP 240 G9 AG2J7AT( i5-1235U/ 16GD4 /512GSSD/ 14.0FHD/ WLax/ BT5/ 3C41WHr/W11SL/BẠC ) - HÀNG CHÍNH HÃNG,False
images_png/phone/277574339.png,Củ Sạc Samsung Không Kèm Cáp 25W - Hàng Chính Hãng,images_png/tv/275019168.png,Google Tivi Sony 4K 50 inch K-50S30 - Hàng Chính Hãng,False
images_png/camera/4688899.png,Chân Máy Ảnh Tripod Weifeng 6662A - Hàng Nhập Khẩu,images_png/tv/276860956.png,"Android Tivi LED Hisense 32 inch 32A4N trợ lý ảo Google Voice Control, bảo hành chính hãng 2 năm - Hàng Chính Hãng",False
images_png/camera/263987622.png,Camera Wifi TP-Link Tapo C200 / C210 Smart IR Full HD 1080P - Hàng Chính Hãng,images_png/tv/276606449.png,Smart Tivi Coocaa 65Y73 Pro 4K QLED 65 inch - Hàng chính hãng,False
images_png/phone/276274790.png,Điện Thoại Samsung Galaxy A06 4GB/128GB - Hàng Chính Hãng,images_png/phone/277360579.png,Điện Thoại Xiaomi Redmi 13 8GB/128GB - Hàng Chính Hãng,True
images_png/phone/276448920.png,"Máy đọc sách Amazon Kindle Paperwhite 6 (Gen 12th), Mới nguyên Seal - Hàng chính hãng",images_png/tv/275245427.png,Smart Tivi NanoCell LG 4K 43 inch 43NANO81TSA Mới 2024 - Hàng chính hãng - Giao HCM và 1 số tỉnh thành,False
images_png/phone/276274790.png,Điện Thoại Samsung Galaxy A06 4GB/128GB - Hàng Chính Hãng,images_png/phone/277311630.png,Điện Thoại Xiaomi Redmi 14C 6GB/128GB - Hàng Chính Hãng,True
images_png/camera/277470272.png,"Ulanzi MT-79 / MT-89 - Tripod Đa Năng Cho Máy Ảnh, Điện Thoại, Thiết Bị Chiếu Sáng, Chiều Cao Đa Dạng - Hàng chính hãng",images_png/laptop/277912715.png,Laptop Acer Aspire 7 A715-59G-57TU NH.QX6SV.001 (Intel Core i5-12450H | RTX 3050 | 15.6 inch FHD | 16GB | 512GB | Win 11 | Đen) - HÀNG CHÍNH HÃNG,False
images_png/phone/276944868.png,Điện Thoại Samsung Galaxy A16 4GB/128GB - Hàng Chính Hãng,images_png/phone/276944892.png,Điện Thoại Samsung Galaxy A06 4GB/64GB - Hàng Chính Hãng,True
images_png/phone/276062770.png,Điện Thoại Xiaomi Redmi 14C 4GB/128GB - Hàng Chính Hãng,images_png/phone/277737629.png,Điện Thoại Xiaomi Redmi 13 6GB/128GB - Hàng Chính Hãng,True
images_png/phone/277619147.png,Máy tính bảng iPad Gen 11 (A16) WiFi,images_png/tv/276861471.png,"Android Tivi LED Hisense 40 inch A4N trợ lý ảo Google Voice Control, bảo hành 2 năm - Hàng Chính Hãng",False
images_png/phone/276944892.png,Điện Thoại Samsung Galaxy A06 4GB/64GB - Hàng Chính Hãng,images_png/phone/277360579.png,Điện Thoại Xiaomi Redmi 13 8GB/128GB - Hàng Chính Hãng,True
images_png/phone/276110023.png,Apple iPhone 16 Pro,images_png/speaker/277548884.png,"Loa vi tính để bàn SUPER BASS cực đã dòng loa cao cấp cho laptop, pc, điện thoại MÀU ĐEN 106x66mm - Hàng Chính Hãng ",False
images_png/phone/277512620.png,Điện Thoại Samsung Galaxy A36 5G 8GB/128GB - Hàng Chính Hãng,images_png/phone/277737595.png,Điện Thoại Samsung Galaxy A06 5G 4GB/128GB - Hàng Chính Hãng,True
images_png/laptop/273002756.png,Laptop Dell Latitude 3590  Core i5 7200U- Ram 8GB- 128GB SSD Ổ cứng -Màn hình 15-6 inch BH 6 thang - Hàng chính hãng,images_png/phone/277704510.png,Điện Thoại Samsung Galaxy A26 5G 8GB/128GB - Hàng Chính Hãng,False
images_png/tv/276379164.png,Android Tivi Aqua 43 inch AQT43K800UG - Hàng chính hãng - Bảo hành 1 đổi 1 trong 730 ngày đối với lỗi màn hình,images_png/tv/276412010.png,Google Tivi Aqua QLED 4K 50 inch AQT50S80EUX - Freeship toàn quốc - Bảo hành 1 đổi 1 trong 730 ngày đối với lỗi màn hình - Hàng chính hãng,True
images_png/phone/277704510.png,Điện Thoại Samsung Galaxy A26 5G 8GB/128GB - Hàng Chính Hãng,images_png/tv/274880735.png,Smart Tivi Samsung Neo QLED 8K 65 Inch QA65QN800D QA65QN800DA 65QN800DA 65QN800D - Hàng chính hãng - Chỉ giao HCM,False
images_png/phone/274405521.png,Điện Thoại Samsung Galaxy A05 4GB/64GB - Hàng Chính Hãng,images_png/phone/277512611.png,Điện Thoại Samsung Galaxy A56 5G 8GB/128GB - Hàng Chính Hãng,True
images_png/phone/278098703.png,Điện thoại POCO C75 (8GB/256GB) - Hàng Chính Hãng,images_png/tv/275655645.png,K-65S30 - Google Tivi Sony 4K 65 inch K-65S30 - Hàng Chính Hãng - Chỉ Giao Hồ Chí Minh,False
images_png/laptop/277936690.png,"Laptop Dell Inspiron 7472, Core i5-8250U, Ram 8GB, SSD 128GB, 14 inch Full HD, VGA 2G - Hàng Chính Hãng",images_png/laptop/277961929.png,"Laptop Dell Inspiron 7472, Core i5-8250U, Ram 8GB, ổ cứng SSD 128GB, màn hình 14inch Full HD, VGA 2G - Hàng chính hãng",True
images_png/camera/277827500.png,"Bộ Nắp van báo áp suất lốp Ô tô, Xe máy",images_png/tv/276606449.png,Smart Tivi Coocaa 65Y73 Pro 4K QLED 65 inch - Hàng chính hãng,False
images_png/laptop/277446629.png,Laptop Lenovo V14 Gen 4 IRU 83A000BEVN i5-13420H | 8GB | 512GB | 14' FHD | Win 11 - HÀNG CHÍNH HÃNG,images_png/phone/278237932.png,Điện thoại Xiaomi Redmi 14C - Hàng chính hãng,False
images_png/laptop/277912853.png,Laptop Lenovo V15 Gen 4 ( 83A100RGVN ) | Grey | Intel Core i7-13620H | Ram 8GB | 512GB SSD | Intel UHD Graphics | 15.6 Inch FHD | No Os | 2Yrs - HÀNG CHÍNH HÃNG,images_png/laptop/278071899.png,Laptop Lenovo ThinkPad E14 Gen 7 21SX002QVA (Intel Core Ultra 5 225U | 16GB | 512GB | 14 inch WUXGA | Intel Graphics | NoOS | Đen) - HÀNG CHÍNH HÃNG,True
images_png/tv/275244561.png,Smart Tivi OLED LG 4K 77 inch OLED77C4PSA Mới 2024 - Hàng chính hãng - Giao HCM và 1 số tỉnh thành,images_png/tv/275244939.png,Smart Tivi OLED LG 4K 55 inch OLED55C4PSA Mới 2024 - Hàng chính hãng - Giao HCM và 1 số tỉnh thành,True
images_png/laptop/271264846.png,Lenovo Thinkpad X250 Core i5-5200U / RAM 8GB / SSD 256GB / Màn 12.5 inch0 HD (Phím JP) Hàng Chính Hãng,images_png/phone/276281988.png,Điện thoại Samsung Galaxy A06 - Hàng chính hãng,False
images_png/phone/276110023.png,Apple iPhone 16 Pro,images_png/tv/274870404.png,Smart Tivi QLED 4K Samsung 43Q60DA 43 inch Smart TV QA43Q60DA QA43Q60D 43Q60D - Hàng chính hãng - Chỉ giao HCM,False
images_png/phone/276639232.png,Điện Thoại Samsung Galaxy A16 5G 8GB/128GB - Hàng Chính Hãng,images_png/phone/277704510.png,Điện Thoại Samsung Galaxy A26 5G 8GB/128GB - Hàng Chính Hãng,True
images_png/phone/276614493.png,Điện Thoại Samsung Galaxy A16 LTE (4GB/128GB) - Đã kích hoạt bảo hành điện tử - Hàng Chính Hãng,images_png/phone/277164932.png,Ốp Lưng Samsung Galaxy S25 Trong Suốt - Hàng chính hãng,True
images_png/phone/276062770.png,Điện Thoại Xiaomi Redmi 14C 4GB/128GB - Hàng Chính Hãng,images_png/phone/277360579.png,Điện Thoại Xiaomi Redmi 13 8GB/128GB - Hàng Chính Hãng,True
images_png/phone/273990229.png,Điện Thoại Xiaomi Redmi Note 13 6GB/128GB - Hàng Chính Hãng,images_png/phone/276274790.png,Điện Thoại Samsung Galaxy A06 4GB/128GB - Hàng Chính Hãng,True
images_png/phone/273990229.png,Điện Thoại Xiaomi Redmi Note 13 6GB/128GB - Hàng Chính Hãng,images_png/phone/277737595.png,Điện Thoại Samsung Galaxy A06 5G 4GB/128GB - Hàng Chính Hãng,True
images_png/phone/276944868.png,Điện Thoại Samsung Galaxy A16 4GB/128GB - Hàng Chính Hãng,images_png/phone/277704510.png,Điện Thoại Samsung Galaxy A26 5G 8GB/128GB - Hàng Chính Hãng,True
images_png/phone/277490201.png,Điện thoại Samsung Galaxy A36 5G (8GB/128GB) - Hàng chính hãng,images_png/speaker/13331940.png,Máy trợ giảng Shidu SD- M500UHF không dây - Hàng chính hãng,False
images_png/phone/277512620.png,Điện Thoại Samsung Galaxy A36 5G 8GB/128GB - Hàng Chính Hãng,images_png/phone/277944334.png,Điện Thoại Samsung Galaxy A06 5G 4GB/64GB - Hàng Chính Hãng,True
images_png/camera/275856061.png,"Bộ dây đeo ngực 5 chi tiết cho máy quay hành động, smartphone 077, hàng chính hãng",images_png/tv/276379164.png,Android Tivi Aqua 43 inch AQT43K800UG - Hàng chính hãng - Bảo hành 1 đổi 1 trong 730 ngày đối với lỗi màn hình,False
images_png/camera/104070115.png,Đầu đọc thẻ nhớ SSK cho máy ảnh - Hàng chính hãng,images_png/camera/194067352.png,Camera Wifi Trong Nhà EZVIZ C6N 2M FHD 1080P Quay 355 độ - Đàm thoại 2 chiều - Hàng Chính Hãng,False
images_png/camera/194121937.png,Camera IP Wifi Ngoài Trời EZVIZ C3TN 3MP 2K Color Night Vision Tích Hợp Ai - Có Màu Ban Đêm - Đàm Thoại 2 Chiều - Hàng Chính Hãng,images_png/speaker/104180.png,Loa Vi Tính SoundMax A-130/2.0 6W,False
